id,composite_code,component_code,component_name,qty
d97a886a-4fca-6f5e-7a6d-e7feed1a1fd3,AM0132,VP20102,حوض وجه فوق الرخام أبيض,1.000
28ac49e1-d858-dc63-3ed3-10308a0dce1b,AM0970,VS10972,حوض وجه معلق -60 سم,1.000
4e2c7cc4-228c-def7-d083-3e5c21a42950,EG40179,EG40370,رف حوض وجه برسلين 80 سم,1.000
90f533c8-e371-dd73-79b2-54e9d9a89f7b,AM0564,AM0859,دولاب حمام -80 سم,1.000
3896f880-ca54-eaed-106a-b1dec3d3158c,ML30838,ML30079,مرايا حمام مع إضاءة لد 90*60 سم,1.000
a6938123-934a-0cc6-085d-99e1b072df50,LG40734,EG40940,رف كواريون كوارتز 100سم,1.000
3b2e93f0-7a58-9b27-75c9-ac0555785eb9,LG40447,EG40446,رف حوض وجه برسلين 65 سم,1.000
b08a0437-9a58-ccd3-3a48-d08a825949a6,LG40383,LG40328,حوض وجه برسلين 80 سم,1.000
cd31a793-542d-6ecb-684c-e1d15fb46fd1,AM0337,AM0334,حوض وجه  دولاب حمام -80 سم,1.000
8cdc3d5c-9368-a342-67ad-774be30a2c10,AM0799,ML30802,مرايا حمام مع إضاءة لد 90*70 سم,1.000
bdcf26af-6f36-2f63-203a-e5a317bf2377,AB10573,AB10744,خزانة حمام أبيض,1.000
8555f7a7-7b2c-30b6-efb9-b618d0004380,LG40893,EG40891,رف رخامي كوارتز 80سم,1.000
f382f9e8-a883-5b7b-5476-eb2c9820ac7d,LG40382,EG40354,رف حوض وجه برسلين 80 سم,1.000
278fb530-8d2a-0329-ac4e-62f8bc328a2c,AB10804,AB10113,خزانة حمام أبيض,1.000
8b5f84e4-cc51-1ea7-f860-f44fbb45758b,AM0344,AM0334,حوض وجه  دولاب حمام -80 سم,1.000
17d04049-9563-0b13-bd31-81bb27747a50,AM40575,AM40560,مراية دولاب حمام -80 سم,1
c8e23d1d-e968-d97b-68a3-03089051ae50,ML30842,ML30109,مرايا حمام مع إضاءة لد 80*60 سم,1.000
81ed58fe-87f2-8751-47f9-2ea9483ccc5e,VS10883,VS10219,عمود حوض وجه سداسي أرضي أبيض,1.000
428b1a1e-f400-f8ee-19fb-e58d7e3d346b,LG40378,EG40347,رف حوض وجه برسلين 80 سم,1.000
20627230-96d9-cb8d-178a-b03c1e547285,LG40755,ML30752,مرايا حمام مع إضاءة لد-عرض60*80 سم,1.000
1b9168ad-a53e-957d-3e88-ce8d6577e915,MSB0410,AM0407,حوض وجه مع دولاب حمام -80 سم,1.000
46868fd6-0227-e009-08fa-74f9f8984bda,ML30948,ML30109,مرايا حمام مع إضاءة لد 80*60 سم,1.000
1944aed8-26be-a4d3-bddd-c9ce1c23707b,ML30844,ML30079,مرايا حمام مع إضاءة لد 90*60 سم,1.000
b38f7750-e8cb-98f0-8939-fe823bd227bf,AB10567,AB10558,خزانة حمام أبيض,1
deb5ca6d-dd8f-db0f-3d91-be3b37bb9a80,AM0849,AM0839,حوض وجه مع دولاب حمام -80 سم,1.000
9f20ff2e-4f39-7985-c937-c0bf4245dbcd,LG40734,ML30941,مرايا حمام مع إضاءة لد 60*100 سم عرض,1.000
3f685544-017b-e645-d24c-4e4229656643,LG40766,EG40768,رف حوض وجه برسلين 80 سم,1.000
e9519911-f753-25be-6045-485fa1151367,AM0566,AM40565,مراية دولاب حمام -90 سم,1.000
99f5ad29-55dd-18e8-2922-5deb9805e95b,LG40860,ML30865,مرايا حمام مع إضاءة لد-عرض60*100 سم,1.000
0b01bde0-9029-bfd9-a699-bc926c43e705,ML30814,ML30808,مرايا حمام مع إضاءة لد80*60 سم,1.000
9eb6bf7d-541d-7637-37d1-61359dd84f60,AM0130,AM0120,دولاب حمام 100 سم أبيض,1.000
546ae263-9d49-a715-94d5-64bceb57654a,AM0848,AB10841,خزانة حمام أبيض,1.000
102eeb28-0956-b34a-ba9f-7a2a408ebdf6,VS10400,VS10462,حوض وجه معلق 80 سم,1.000
6de745c9-8171-1da8-c3b1-3f43c53dd4e2,AM0563,AM0407,حوض وجه مع دولاب حمام -80 سم,1.000
2ac8b6c2-9b0b-e480-d0ec-e173e53ece9e,AB10844,AB10825,خزانة حمام أبيض,1.000
bfb994af-421b-42ae-053c-683e2628a4b0,AM0693,AM0692,دولاب حمام مع حوض وجه 60 سم,1.000
38d77f5e-a88c-8a16-5d80-c1edd802ed57,LG40779,EG40356,رف حوض وجه برسلين 60 سم,1.000
0feb86cd-e4e1-7b5e-7ed5-b6a09a05251d,AM40560,AM40227,مراية دولاب حمام -70 سم,1.000
be796d29-a6b1-13fe-87ad-42f8dd909b14,AM40356,AM40227,مراية دولاب حمام -70 سم,1.000
a5044285-9da4-6196-e07a-bdde5dcfcd0f,LG40196,LG40172,حوض وجه برسلين مشطوف 80 سم,1.000
e5ba0bbc-c3f1-1926-7ffa-31b40cf0a452,MI10031,ML30413,مرايا حمام مع إضاءة لد 80*60 سم,1.000
25ae74c9-8728-b66b-15d5-995c773051c2,ML30502,ML30121,مرايا حمام مع إضاءة لد 90 سم,1.000
72f1ca86-7f5f-d97c-3e06-fafce799889f,AB10845,AB10741,خزانة حمام أبيض,1.000
2b75183d-08bf-66f3-7fb2-624d59220f59,LG41027,ML31029,مرايا حمام كواريون 48*80سم أبيض,1.000
6aa201f4-9735-ebb7-9312-98df4fa21508,ML30742,ML30418,مرايا حمام مع إضاءة لد 80*60 سم,1.000
e42d4e55-ed88-b8bf-397a-71ad2b01f94a,LG40904,ML30903,مرايا حمام مع إضاءة لد 60*80 سم,1.000
0e8816d6-9c6c-a31c-c862-7ad13e711181,MD20022,MD20056,خلاط دوش مع سماعة كروم,1.000
9c62a0d7-b97d-d869-636b-c4bf618c89fb,AM0352,AB10350,خزانة حمام أبيض,1.000
839e8aa1-5dab-8e49-b0ca-deb4a444c7fa,AM0958,AM40961,مراية دولاب حمام 70 سم,1.000
12670eec-4ffc-95b6-768f-34c57f0ad783,AM0966,VS10968,حوض وجه معلق -60 سم,1.000
9c62aed5-3405-594f-b094-135254815025,LG40185,LG40369,حوض وجه برسلين مشطوف 80 سم,1.000
5315ba92-bcd6-1196-1215-666e535299ea,LG40107,EG40106,رف حوض وجه برسلين 80 سم,1.000
62f7ce8f-f166-8775-dafb-cb7fa9433d0f,ML30085,ML30109,مرايا حمام مع إضاءة لد 80*60 سم,1.000
8fb4310e-af33-1b37-5de0-d641edde450c,LG40388,LG40332,حوض وجه برسلين 65 سم,1.000
e111cf32-5192-b4c5-c362-a1e07b33f78f,AM0849,AM0843,حوض وجه مع دولاب حمام -60 سم,1.000
366c65a8-7b30-594a-eff1-906c0b663e9a,AM0778,AB10745,خزانة حمام أبيض,1.000
602f839f-196e-e693-af0e-293e65f04a44,EG40982,EG40750,رف كواريون كوارتز 80سم أبيض,1.000
9226af4b-aafa-45de-f052-7f911f438204,AM0357,AM40356,مراية دولاب حمام -80 سم,1.000
9839ad9f-2885-b838-550f-fe18fe9fb3cc,AM0846,ML30836,مرايا حمام ضد البخار مع إضاءة لد 60*80 سم,1.000
6cd7ac09-39b8-5b72-a432-0f3784bf575e,LG40196,EG40173,رف حوض وجه برسلين 80 سم,1.000
90f2c888-eeed-2503-f8f2-8ba52173b56f,LG40389,EG40358,رف حوض وجه برسلين 65 سم,1.000
9be5dfbc-9dca-0d19-eb00-d422dc38a417,EG40103,EG40360,رف حوض وجه برسلين 65 سم,1.000
70a3c161-1c80-5663-0355-ceadf3dcada7,AM0958,AM0959,دولاب حمام -70 سم,1.000
a25d564a-1d27-6c5f-3fc5-c240f50339a1,LG40980,EG40982,رف كواريون كوارتز 100سم أبيض,1.000
b4ed6cf8-333e-b312-9141-7840d4f6eaf2,AM0352,AM0348,دولاب حمام 80 سم أبيض,1.000
e1ad351b-563d-b8c8-dce1-76141cfe46c4,AM40361,AM40340,مراية دولاب حمام -80 سم,1.000
14342b8c-aec5-120f-48d1-b171588f298a,EG40862,EG40750,رف كواريون كوارتز 80سم أبيض,1.000
7f6c2453-e675-34c9-1993-f54b55b6273b,AM0962,AM0963,دولاب حمام -70 سم,1.000
7ff0eb30-3a75-9b90-649b-527c7b185abb,WS10016,WS10014,مقعد معلق (صندوق خارجي) أبيض,1.000
19f9b753-efcd-e46e-cc46-de2ebc416461,AM0574,AM0559,حوض وجه مع دولاب حمام -80 سم,1
b519075f-8032-4d6c-8991-d7570f17252e,AM0776,AB10741,خزانة حمام أبيض,1.000
850f1829-9bbb-e9b6-3cbc-4e1b6433f050,LG40769,EG40771,رف كواريون كوارتز 80سم أسود,1.000
7a70f275-8694-7d9a-b88c-80c89176cb50,ML30839,ML30109,مرايا حمام مع إضاءة لد 80*60 سم,1.000
fa9d4a10-91fb-f11a-fa4f-10cc614ff109,AM0809,AM0810,دولاب حمام مع إضاءة لد-100 سم,1.000
35da7f7c-5001-2dd5-5c9b-aade1aae705c,AM0809,VS10811,حوض وجه معلق -100 سم,1.000
367e71b7-10f9-00b6-96a8-5810dea10bdb,AM0842,ML30839,مرايا حمام مع إضاءة لد80*60 سم,1.000
24140b54-a78f-8718-2648-54ee0618efdf,AM0777,AM0737,دولاب حمام مع حوض وجه 60 سم,1.000
104c7cc3-ce31-5f5d-0a9a-827125ed747c,AM0855,AM0859,دولاب حمام -80 سم,1.000
796f745b-9016-d2b1-2f10-68e29c339641,AM0849,AM0845,حوض وجه مع دولاب حمام -80 سم,1.000
a169b83b-b481-9c15-c824-03038957da1d,AM0127,AM0111,حوض وجه مع دولاب حمام -80 سم,1.000
24ff03a7-87a3-7cde-c087-30013db98f43,AM0349,AM0407,حوض وجه مع دولاب حمام -80 سم,1.000
102a9f08-6ba6-1d4a-e32b-8daaa5e0428c,LG40100,EG40082,رف حوض وجه برسلين 90 سم,2.000
5268b92a-158f-beb5-c238-84e452fd6b1d,ML30081,ML30109,مرايا حمام مع إضاءة لد 80*60 سم,1.000
15032fda-915b-7978-9021-7d821c8d636b,AM0130,ML30121,مرايا حمام مع إضاءة لد 90 سم,1.000
d3b0e242-42d5-117d-1158-96426d4641fd,AM0349,AM0334,حوض وجه  دولاب حمام -80 سم,1.000
192c4cd3-0e30-4bc8-a8ea-30fc7c0d3b98,ML30080,ML30109,مرايا حمام مع إضاءة لد 80*60 سم,1.000
950f8564-cb1c-43bf-aac0-91b83fa2ee79,LG41027,LG41028,حوض مع رف كواريون كوارتز 80سم أبيض,1.000
7d9a1cdb-0d38-80b7-386e-7c603df74606,AB10350,AB10116,خزانة حمام أبيض,1.000
f006d921-cf02-a660-ec80-c6abac731e65,AB10355,AB10350,خزانة حمام أبيض,1.000
0563a7ef-c3a4-20a6-3fc2-2f62762c72bc,AM0414,ML30413,مرايا حمام مع إضاءة لد 80*60 سم,1.000
9cfbe3fc-2e27-0b76-7a7a-c90c7dc6ee52,ML30099,ML30109,مرايا حمام مع إضاءة لد 80*60 سم,1.000
35a29322-e06d-d66f-8da8-53c5a27225ed,LG40371,EG40346,رف حوض وجه برسلين 80 سم,1.000
f049650a-e2be-8b05-79ea-6ab17c13e61c,AM0857,AM0800,دولاب حمام مع إضاءة لد -90 سم,1.000
ad5c6f21-bc50-0217-269d-60f9801212b7,PA30223,LG40325,حوض وجه برسلين مشطوف 80 سم,1.000
8b6c2eb9-fc89-9ced-50e2-01a96679a8e0,LG40378,LG40319,حوض وجه برسلين مشطوف 80 سم,1.000
3aef91a2-c32c-42d8-edd6-a67ef2af1951,AM0855,AB10845,خزانة حمام أبيض,1.000
156d15ac-8d20-8f5e-dae5-3f2afd6dbb95,AM0348,AM0333,دولاب حمام 80 سم أبيض,1.000
50ba2637-6d74-12db-aaf9-e32051f1d8ba,AM0970,AM0971,دولاب حمام -60 سم,1.000
b67003ae-9d87-a562-2783-2a8894bee184,AM0805,AM0078,دولاب حمام -90 سم,1.000
d74cd116-a220-323e-0ed8-3c220bf35df8,AM0347,AM40345,مراية دولاب حمام -80 سم,1.000
58dde3b6-2ef3-7b08-12d3-4f5ab0a85659,AM0362,AM0359,حوض وجه  دولاب حمام -80 سم,1.000
c891545f-24be-8b0e-0f0f-da32cd94292e,AM0855,VS10843,حوض وجه معلق -80 سم,1.000
7c0b71bf-71df-1769-d76d-2a9ee1cdb950,AM40345,AM40335,مراية دولاب حمام -80 سم,1.000
685037cd-f42b-0c69-7d33-cee25b36fabd,LG40774,LG40939,حوض كواريون كوارتز 100سم,1.000
c5baa0ce-76ba-b0af-c031-b79f495b59ff,AM0839,AM0845,حوض وجه مع دولاب حمام -80 سم,1.000
2bf97ef5-f7b7-0aad-4330-c2415a93cbd4,LG40774,LG40773,حوض كواريون كوارتز 60سم,1.000
9b288e0d-2747-5d41-249e-ff9cfefd9852,AB10838,AB10741,خزانة حمام أبيض,1.000
bc84c614-62e9-3846-19ea-429c7fc20410,LG40199,EG40186,رف حوض وجه برسلين 80 سم,1.000
07b31e21-975e-91c4-88cc-1c20deed450a,LG40373,LG40400,حوض وجه برسلين 80 سم,1.000
0298d57c-dfb8-f1fa-4296-f4ede8587be8,AM0129,ML30108,مرايا حمام مع إضاءة لد 80*60 سم,1.000
2eef6bfc-87f0-9458-ab7b-393c83560279,ML30776,ML30109,مرايا حمام مع إضاءة لد 80*60 سم,1.000
6bad116e-ab78-1d1b-d6ab-b4109a49ab43,ML30814,ML30079,مرايا حمام مع إضاءة لد 90*60 سم,1.000
772fe874-7952-8d63-2378-3e36e912f9eb,EG40186,EG40370,رف حوض وجه برسلين 80 سم,1.000
53cc58fc-f527-3f98-b2e2-07d08f4dc639,AM40565,AM40335,مراية دولاب حمام -80 سم,1.000
fea90029-ae5f-afba-1ee3-2ad8e872f024,AM0844,ML30834,مرايا حمام ضد البخار مع إضاءة لد 60*80 سم,1.000
517efeb1-b4c1-5b7e-3fae-fc4ea0d0f214,LG40396,EG40395,رف حوض وجه برسلين 80 سم,1.000
3eb74624-0538-5ff4-89cd-f29ebdc80064,LG40178,LG40369,حوض وجه برسلين مشطوف 80 سم,1.000
a07499d3-8941-03d0-834c-cf36e0f8df63,PSB10230,AM40227,مراية دولاب حمام -70 سم,1.000
b0bfa71b-7916-9d8b-a8fb-18a46d18184f,AM0850,AM0851,حوض وجه مع دولاب حمام -80 سم,1.000
d3d0dd3b-26ff-ee96-c327-9688b133c8b4,AM0419,ML30418,مرايا حمام مع إضاءة لد 80*60 سم,1.000
ae529ad6-b0f0-224c-2e48-6e13635e7431,AM0563,AM0334,حوض وجه  دولاب حمام -80 سم,1.000
d63777a3-bd8c-bda8-6a15-4be4acccbafa,LG40754,LG40749,حوض كواريون كوارتز80سم أبيض,1.000
fb6ec100-1d87-53d8-4155-720a7a082c44,AM0938,VS10939,حوض وجه معلق -80 سم,1.000
4b8bae7f-cedf-0b44-af76-f84d88dd32db,VS10841,VS10140,حوض وجه معلق -90 سم,1.000
9289ed26-a3a5-15a3-fa93-ed9da7667809,AM40351,AM40340,مراية دولاب حمام -80 سم,1.000
15a218ea-40af-00ce-db0f-d9306b11c1b1,AM0779,ML30750,مرايا حمام مع إضاءة لد,1.000
f91466f8-96c8-e102-eb0a-8318cc52f4ac,AM0859,AM0828,دولاب حمام -80 سم,1.000
17e658f2-197b-e979-0b28-8f8f560ca23d,AM40361,AM40351,مراية دولاب حمام -80 سم,1.000
5b3121ad-4a6c-d5d8-af05-693afe8856cc,AM0354,AM0334,حوض وجه  دولاب حمام -80 سم,1.000
6a84e168-4116-e18b-6645-b77e522a2409,LG40101,LG40081,قاعدة حوض وجه برسلين 90 سم,2.000
385bebe5-d1b4-ba4a-33d2-1b1d563b5e82,LG40386,LG40323,حوض وجه برسلين 65 سم,1.000
a7031b70-f705-4d39-1c2e-e66c9b92269a,AM0131,AM0112,حوض وجه مع دولاب حمام -80 سم,1.000
345ec5ba-59a1-f514-0beb-36bd7358e1a5,PSB10153,CD40101,مسطرة دوش زوجية كروم,1.000
4be67119-99dc-902a-f260-15e6edafa172,LG40755,LG40751,حوض كواريون كوارتز80سم أبيض,1.000
014a0a52-db1f-8d54-819b-ecec62dba6a1,ML30824,ML30802,مرايا حمام مع إضاءة لد 90*70 سم,1.000
429a127a-492f-ad99-500a-307439d1cdb7,AM0561,AM0559,حوض وجه مع دولاب حمام -80 سم,1
d0167ede-755f-a8c7-b4ac-5010f828dea7,ML30226,ML30109,مرايا حمام مع إضاءة لد 80*60 سم,1.000
befd6d0d-3325-2607-4510-a314d731b3a1,ML30075,ML30109,مرايا حمام مع إضاءة لد 80*60 سم,1.000
11d981ed-fb95-6098-a5ce-4b4eb3615242,LG40980,ML30983,مرايا حمام مع إضاءة لد-عرض60*90 سم,1.000
48a326d8-4810-bfed-9dbf-3d338088e9ed,AM0354,AM0349,حوض وجه  دولاب حمام -80 سم,1.000
e7f5a874-0b35-9d58-c9cd-115f61cbfcc9,VS10843,VS10140,حوض وجه معلق -90 سم,1.000
7f5a80b4-290d-58f9-e3c2-35a070ec97ac,AB10841,AB10838,خزانة حمام أبيض,1.000
f2096bf3-6a80-e4ab-89f2-3a64344c6ed5,AM0414,AB10412,خزانة حمام 120*24*20,1.000
2f4402d0-5316-4f03-dc1c-e2aa30203ebb,LG41138,ML31136,مرايا حمام مع إضاءة لد 80*60 سم,1.000
2c1b6e47-4867-666b-0fad-1880f408f643,AB10360,AB10116,خزانة حمام أبيض,1.000
e4fa070e-07a2-cba2-9f8c-41f9ac63e5f8,VS10825,VS10824,حوض وجه معلق -100 سم,1.000
37cc6ddd-ce05-fd85-2c79-2703e9358d91,AB10845,AB10803,خزانة حمام أبيض,1.000
2ba987d5-9c85-8436-6d1f-511910abbbca,ML30840,ML30838,مرايا حمام مع إضاءة لد80*60 سم,1.000
ff6170a0-11bd-e47c-e3c4-7339a8fde253,EG40371,EG40353,رف حوض وجه برسلين 80 سم,1.000
7cbb9380-cb93-ce7d-08de-e83eb12ef7bf,LG40154,EG40156,رف حوض وجه برسلين 80 سم,1.000
2f9383a4-be79-da61-dbcb-ab945a1fe6fb,AM0778,AM0738,دولاب حمام مع حوض وجه 60 سم,1.000
90bdad52-314a-f536-7aa6-027c39984dde,LG40401,EG40370,رف حوض وجه برسلين 80 سم,1.000
7830c1c8-a3b0-201a-85cb-6907265609ca,AM0696,AM0690,دولاب حمام مع حوض وجه 80 سم,1.000
9d2dd10a-3525-ef6c-a807-a1788bcc99ae,AM40565,AM40227,مراية دولاب حمام -70 سم,1.000
dd1239b6-b3fe-87b3-12cd-958d5dbdcdec,AM0822,AM0800,دولاب حمام مع إضاءة لد -90 سم,1.000
5bf1a0d3-1074-a4b1-73f5-123861f328eb,AB10346,AB10341,خزانة حمام أبيض,1.000
e2178489-6239-af1a-ed42-75d02ea66315,VS10811,VS10140,حوض وجه معلق -90 سم,1.000
ab3a06cd-9697-a416-b414-0e3ac29a7a3b,LG40191,EG40181,رف حوض وجه برسلين 100 سم,1.000
dad0d192-aeb5-7558-0b4b-8ca2dc12a222,AM0576,AM0574,حوض وجه مع دولاب حمام -60 سم,1
6de1e9a3-966e-d488-17ec-cff19d27d13c,AM0559,AM0112,حوض وجه مع دولاب حمام -80 سم,1.000
7cb6fd30-733d-d456-39d6-3abbff47f0b3,AM0842,AM0843,حوض وجه مع دولاب حمام -60 سم,1.000
e696ae69-e373-bef1-c67c-3180defa670f,ML30074,ML30109,مرايا حمام مع إضاءة لد 80*60 سم,1.000
897ec908-f97a-0359-dcec-6f5909f9d381,ML30805,ML30114,مرايا حمام مع إضاءة لد 80*60 سم,1.000
a460b68c-0e9f-1571-76f4-5b1ee8d7050a,AM0852,AB10854,خزانة حمام أبيض,1.000
350ae404-8b94-f6a2-a773-d4c2079d9866,EG40181,EG40149,رف حوض وجه برسلين 100 سم,1.000
71f8f10b-a13c-0c45-ddde-77b2a6d12073,ML30802,ML30109,مرايا حمام مع إضاءة لد 80*60 سم,1.000
83678e91-4717-086f-4cce-9191109778d2,LG40300,ML30298,مرايا حمام مع إضاءة لد 80*60 سم,1.000
f0b0ed55-0dd0-fed3-d5d6-b0f289067bfe,AM0347,AB10346,خزانة حمام أبيض,1.000
0349f1e5-387d-ab28-a90f-1a72ae9c30ee,LG40893,LG40890,حوض رخامي كوارتز 80سم,1.000
6f183bb7-fa2a-89d9-c7fb-cfa21d2a8411,AM0566,AB10562,خزانة حمام أبيض,1.000
e60b054d-8799-6811-e560-05c1d6021e86,AM0342,AM40340,مراية دولاب حمام -80 سم,1.000
34fc5b87-3e17-f28d-f700-3712a9ac47fa,AM40697,AM40691,مراية دولاب حمام 80 سم,1.000
f482523b-e483-8f1c-1c5e-0b44f64b22dc,AM0358,AM0333,دولاب حمام 80 سم أبيض,1.000
c60ed2f8-eba5-b1d6-4e9d-1f648e14716e,AM40335,AM40227,مراية دولاب حمام -70 سم,1.000
1177f10d-eb16-a620-be30-c62bdda221cc,ML30229,ML30109,مرايا حمام مع إضاءة لد 80*60 سم,1.000
c1160d5f-5090-5bc3-42e1-5747c0449f7f,AM0801,AM0802,دولاب حمام -80 سم,1.000
7e9e0e9e-fa9c-409c-9c43-ff95d823cd3b,AM0570,AM40569,مراية دولاب حمام -80 سم,1
5c00c36e-241a-be04-6343-fb703cfa5790,LG40559,LG40149,حوض وجه برسلين مشطوف 80 سم,1.000
f88b6481-2427-ad91-e9ec-e7989bbf5a2a,LG40754,ML30751,مرايا حمام مع إضاءة لد-عرض60*80 سم,1.000
4236e786-9645-f4dd-d29f-f9578de5a9a0,AM0840,AB10842,خزانة حمام أبيض,1.000
3bc6a499-ac4c-54d3-6067-e561fb12566f,AM0840,ML30835,مرايا حمام ضد البخار مع إضاءة لد 60*80 سم,1.000
40c23c70-0661-78cd-f7dd-8b8183dfafe7,AM0463,AM0460,دولاب حمام 80 سم,1.000
c5c4997e-7fef-9138-fc1f-3a21b7409ce6,EG40295,EG40345,رف حوض وجه برسلين 80 سم,1.000
e3f87a09-c3aa-f8d9-6e3b-c8b4f2cded09,PSB10153,MD20056,خلاط دوش مع سماعة كروم,1.000
26ef684a-8479-770f-23b4-e2d7ee95d792,AM0561,AB10558,خزانة حمام أبيض,1
b11d90ec-22b1-2300-c3b5-948fe43d5bfd,LG40986,LG40987,حوض كواريون كوارتز80سم أبيض,1.000
760b9276-af7a-7a95-87ca-e4a9f1c9f77a,AM0848,ML30840,مرايا حمام مع إضاءة لد80*60 سم,1.000
4f01548a-1058-d02e-ecc3-670784303533,AM0843,AM0839,حوض وجه مع دولاب حمام -80 سم,1.000
c08b844a-537a-3c9b-7fd4-d9dea883548c,ML30839,ML30079,مرايا حمام مع إضاءة لد 90*60 سم,1.000
9d4d000c-dec4-f40a-2729-0522e5dd8396,ML30225,ML30109,مرايا حمام مع إضاءة لد 80*60 سم,1.000
605fffa7-7c77-2643-83e3-c09e8e7a9094,ML30824,ML30109,مرايا حمام مع إضاءة لد 80*60 سم,1.000
db45f5b7-b717-23f7-ee75-b2e37e76060c,AM0810,AM0078,دولاب حمام -90 سم,1.000
c8bcbe3b-8631-c512-f508-07e55daf32ef,AM0138,AM0135,دولاب حمام 100 سم أبيض,1.000
a35f536f-505b-fcdc-743b-b63ae51aaee6,AM0459,AM0456,دولاب حمام 85 سم,1.000
02822a71-b1e8-6aa9-2abf-00c7a1fb1588,AM0127,AB10110,خزانة حمام أبيض,1.000
705f97e6-45b6-dd78-d15c-aeb7d23f3e3e,AM0359,AM0407,حوض وجه مع دولاب حمام -80 سم,1.000
22e7c024-f951-ce5a-3758-787c35b4e98f,AB10812,AB10741,خزانة حمام أبيض,1.000
f8411c3f-301e-45b3-055e-4abe1d3421a5,AB10350,AB10336,خزانة حمام أبيض,1.000
623b43b8-2c4a-645d-ac45-664469572958,AM0148,AB10412,خزانة حمام 120*24*20,1.000
a8e22393-6bd2-f650-df53-6d748dcc96fc,AM0574,AM0112,حوض وجه مع دولاب حمام -80 سم,1.000
912150ed-7d48-e72e-4da2-32e6c2ab7e3d,ML30844,ML30808,مرايا حمام مع إضاءة لد80*60 سم,1.000
e7da325b-3b0c-a1f3-ec84-f3aee9fecb88,VS10752,VS10462,حوض وجه معلق 80 سم,1.000
d2ba60dd-e4f8-5c1a-7e61-90afbae2a6db,ML30846,ML30079,مرايا حمام مع إضاءة لد 90*60 سم,1.000
f7aa5052-7359-b8c8-0994-e607dd0caa61,AM0840,AM0841,حوض وجه مع دولاب حمام -80 سم,1.000
4b418589-898c-cbe6-1755-6699eed756df,LG40300,EG40295,رف رخامي كوارتز 80سم,1.000
c3456964-b095-598e-2006-b62c57c93a32,LG40198,EG40188,رف حوض وجه برسلين 80 سم,1.000
f765c6b8-f2d6-cb44-8050-ccc9ba3a439d,ML30838,ML30808,مرايا حمام مع إضاءة لد80*60 سم,1.000
f128bf93-dfcf-20b3-275a-6a507b3e3728,LG40860,EG40862,رف كواريون كوارتز 100سم أبيض,1.000
b2bfdfa2-54b4-b9ef-b1eb-99ab94d9666d,AM0804,VS10806,حوض وجه معلق -80 سم,1.000
96832725-aca8-10a1-4cdb-bdb1f177c1ad,AM0954,AM40957,مراية دولاب حمام 70 سم,1.000
8c3f9b20-2ab3-4916-e6b8-5556d913933b,ML30082,ML30109,مرايا حمام مع إضاءة لد 80*60 سم,1.000
7cc1208f-2da9-89d4-d743-dc4fdd460eba,AM0947,AM0951,دولاب حمام -80 سم,1.000
420f5af6-ed3f-f408-4b77-59a098a08a34,AM40560,AM40335,مراية دولاب حمام -80 سم,1.000
1b525340-ca8b-c665-0006-70adaa66c029,WS10016,WS10015,صندوق مقعد معلق أبيض,1.000
be6d843a-90e4-f3f0-f032-6101bfac1ad3,LG40904,AM0901,دولاب حمام -80 سم,1.000
62c8e3b8-1bd0-fa5f-2ddf-ace29b8fb4c8,LG40112,LG40341,حوض وجه برسلين مشطوف 80 سم,1.000
6c1c4304-cf43-fa76-a017-0e36b7c291f8,MF20130,MF20003,مراية حمام 80 سم,1.000
550ca075-b4ca-c4cd-e755-53670bd4986b,AM0754,AM0751,دولاب حمام -80 سم,1.000
556653e8-f865-71e1-cc3f-2808ca75af4f,LG40390,EG40359,رف حوض وجه برسلين 65 سم,1.000
aa21d39b-10ef-ebec-dbbd-b2abcdd09f09,AM40565,AM40560,مراية دولاب حمام -80 سم,1
8c484e8b-e745-5098-54df-098a5db13ce1,LG40794,EG40796,رف كواريون كوارتزأبيض 60سم,1.000
9445be53-3e67-274a-e643-26d51806e2c9,ML30937,ML30109,مرايا حمام مع إضاءة لد 80*60 سم,1.000
c9ef91dc-7224-51ea-9026-24e1fb902367,LG40794,ML30806,مرايا حمام مع إضاءة لد 60*80 سم عرض,1.000
29d6074f-3bd1-ea91-4ae4-1dcc583ee37e,VS10824,VS10801,حوض وجه معلق -90 سم,1.000
c8b5a6b1-3d7f-9d9f-b9c4-2b4927c02674,AB10341,AB10116,خزانة حمام أبيض,1.000
588192a8-6125-6652-056a-68bee1d2567d,ML30842,ML30808,مرايا حمام مع إضاءة لد80*60 سم,1.000
525c2e29-63e6-076a-12db-303b9a608604,AM0129,AB10107,خزانة حمام أبيض,1.000
71045817-aae4-413f-8bda-f4cb3ac8512f,AM0852,ML30834,مرايا حمام ضد البخار مع إضاءة لد 60*80 سم,1.000
6371e12f-a4d5-5bd4-ba8b-2973f8080066,EG40106,EG40351,رف حوض وجه برسلين 80 سم,1.000
4731d296-646f-9ee4-20ed-ba28537c2981,AM40351,AM40335,مراية دولاب حمام -80 سم,1.000
89a9c1bc-157c-0e0c-5bdc-6fe0144dca0a,LG40399,EG40397,رف حوض وجه برسلين 80 سم,1.000
a48f40a1-2b24-865e-2ad5-e95432ec76fb,ML30846,ML30109,مرايا حمام مع إضاءة لد 80*60 سم,1.000
fc755dbb-c4ef-cfa7-9e46-aecb213cd69a,ML30826,ML30109,مرايا حمام مع إضاءة لد 80*60 سم,1.000
34dab50f-8e0e-c132-f424-86b84e027d7a,AM0779,AB10744,خزانة حمام أبيض,1.000
d8bbecee-4b85-fe35-458f-19c40aec79e5,LG40755,EG40750,رف كواريون كوارتز 80سم أبيض,1.000
4bddf7ef-e4dc-175f-67fd-d07813c3ed06,AM0777,ML30748,مرايا حمام مع إضاءة لد,1.000
98ad5e44-e123-217f-62ee-784ac90b0a73,AM0541,AM0078,دولاب حمام -90 سم,1.000
07ed6feb-4289-7eb0-6f3a-354ab93fa7f2,AM0777,AB10743,خزانة حمام أبيض,1.000
646f0d37-5011-bb41-c869-e78c3fd610f7,ML30306,ML30109,مرايا حمام مع إضاءة لد 80*60 سم,1.000
5904bf0d-d2e9-f843-71c4-d36dca5170b6,ML30222,ML30109,مرايا حمام مع إضاءة لد 80*60 سم,1.000
a4e2b8b4-2cae-a41b-2dd6-007ae5213d8c,LG40100,LG40081,قاعدة حوض وجه برسلين 90 سم,2.000
15a79c61-db52-0545-21b9-8c574a98091e,AM40569,AM40335,مراية دولاب حمام -80 سم,1.000
2bbe293e-fbb5-b599-00c1-e19d58147ae5,ML30842,ML30079,مرايا حمام مع إضاءة لد 90*60 سم,1.000
abeaf014-5b61-aefb-fada-db7c4e0452b6,AM0128,VP20118,حوض وجه فوق الرخام 100 سم أبيض,1.000
d4b551f5-d385-614c-98dd-a21c6d590ffe,LG40399,LG40398,حوض وجه برسلين 80 سم,1.000
2a19c930-6c9e-9bd6-8885-d16927eb1cde,AM0858,AM0078,دولاب حمام -90 سم,1.000
be2f0e58-b3e0-093e-9557-7c460c428f52,LG40146,LG40147,حوض وجه برسلين 100 سم,1.000
7baf8311-bd42-f9f9-a7e4-9ee67bf80b72,AB10843,AB10113,خزانة حمام أبيض,1.000
b1abd2dd-8bfb-982d-821c-4f47a8378b5d,AM0780,AM0739,دولاب حمام مع حوض وجه 80 سم,1.000
334e5f5f-7ccf-c345-80b7-d657f975e119,VS10811,VS10806,حوض وجه معلق -80 سم,1.000
dbf9398b-5243-6159-be63-976f736a1322,ML30840,ML30839,مرايا حمام مع إضاءة لد80*60 سم,1.000
b8bccf80-f8e3-1c96-977d-51a9f603196d,VS10806,VS10140,حوض وجه معلق -90 سم,1.000
43e3621b-7110-9868-b067-0523d88a4962,ML30826,ML30079,مرايا حمام مع إضاءة لد 90*60 سم,1.000
86d135db-1536-40b1-b786-b25874f0f4b8,AM0837,AB10839,خزانة حمام أبيض,1.000
c705b136-229e-1f64-bc52-58515a7305d1,LG40371,LG40325,حوض وجه برسلين مشطوف 80 سم,1.000
e8bcc3fb-2650-28cf-a785-943a2bba4926,ML30221,ML30109,مرايا حمام مع إضاءة لد 80*60 سم,1.000
3debfe2e-9daa-6423-e690-97903c8e489f,AB10841,AB10803,خزانة حمام أبيض,1.000
f932ce11-dca3-5a55-c495-a4b18e83da32,LG40861,LG40751,حوض كواريون كوارتز80سم أبيض,1.000
d7360c29-fb4c-4d31-7ed2-60ec82cbf5ed,VS10825,VS10801,حوض وجه معلق -90 سم,1.000
648f7a5e-6cc8-347e-9909-d45de17734a1,ML30838,ML30109,مرايا حمام مع إضاءة لد 80*60 سم,1.000
de9e1818-9ccd-e4dc-270a-dd03a8aa47ee,AM0962,VS10964,حوض وجه معلق -70 سم,1.000
e9c0118f-e124-04f9-a4fb-44e48fe4a5dd,AM40569,AM40227,مراية دولاب حمام -70 سم,1.000
28bfe9dc-a43f-7fcc-f5f4-1a27f2e6e559,AM0854,AB10844,خزانة حمام أبيض,1.000
5d1d2e0b-20bb-062c-fa6a-9b581609a267,AM0966,AM40969,مراية دولاب حمام 60 سم,1.000
9ffcc8e3-af84-5f76-9264-83f8501ed17b,LG40299,ML30298,مرايا حمام مع إضاءة لد 80*60 سم,1.000
a9de8634-7ffb-e2d2-514f-11cbf62d0db3,AM0359,AM0334,حوض وجه  دولاب حمام -80 سم,1.000
9ca43b8b-41be-1ce9-e9b4-e0d804c16cd0,AM0455,VS10454,حوض وجه معلق 100 سم,1.000
e65810d7-607e-cd2d-7cb8-fee9625b42ec,AM0852,AM0853,حوض وجه مع دولاب حمام -80 سم,1.000
ac96dc5e-ba7b-31e4-23e2-9708d288d360,LG40194,LG40178,حوض وجه برسلين مشطوف 80 سم,1.000
21c057e9-78d0-6ade-15d0-858d04792761,LG40102,LG40323,حوض وجه برسلين 65 سم,1.000
cbbb12ca-3a93-4376-3765-207b283c297d,AM0857,AM0078,دولاب حمام -90 سم,1.000
2d25f2be-3e30-67e8-9652-a352ad02ae95,ML30839,ML30838,مرايا حمام مع إضاءة لد80*60 سم,1.000
1a78eea0-a579-de29-842f-c7a6c4b42499,PSB10398,ML30114,مرايا حمام مع إضاءة لد 80*60 سم,1.000
16c5944c-21c2-53a8-dba9-bf558bfb0301,AM0829,AM0839,حوض وجه مع دولاب حمام -80 سم,1.000
6a1ea647-45f4-3f4f-36e3-c5eb687737a2,LG40904,LG40902,حوض رخامي كوريان 80سم,1.000
30fee23a-2b73-0d75-f707-a12f1fb1ccdb,AM40351,AM40227,مراية دولاب حمام -70 سم,1.000
48de1ce4-881a-99e7-7633-2942b53858ed,ML30846,ML30802,مرايا حمام مع إضاءة لد 90*70 سم,1.000
d1693313-16a5-140a-bcfc-e651314a6610,LG40191,LG40180,حوض وجه برسلين 100 سم,1.000
f6bab6a0-0e08-f962-0929-921060738073,AM0568,AM0559,حوض وجه مع دولاب حمام -80 سم,1
7e47a477-7ea5-4e11-4a12-92589cfb511d,AM0947,AM40953,مراية دولاب حمام 80 سم,1.000
8ef8e7ca-2608-4ac5-e049-ceaaa1e647c8,AM0800,AM0078,دولاب حمام -90 سم,1.000
03aeba74-85f1-fab1-4c05-b08b55ddbf77,AM40356,AM40340,مراية دولاب حمام -80 سم,1.000
3e4ba6e0-57a1-94e2-0b70-e1f1fa9dae0d,VS10156,VS10458,حوض وجه معلق 85 سم,1.000
42fe6fc5-b248-887c-caa2-76222e714d1f,LG40376,LG40375,حوض وجه برسلين مشطوف 80 سم,1.000
2ceb87f5-cfc6-8822-5083-a666d9ca4600,ARSB80211,ARSB80766,شطاف ظغط مع طوبو كروم,1.000
31bc4d1d-46bf-7d5c-d293-1af5bd886d88,AM0695,AM0696,دولاب حمام مع حوض وجه 80 سم,1.000
2c4da38d-b0d3-4fe3-dfca-19b68464cb9f,ML30079,ML30109,مرايا حمام مع إضاءة لد 80*60 سم,1.000
ed27a613-5d82-d785-12dc-49218d965d67,AM0827,VS10826,حوض وجه معلق -80 سم,1.000
9bdb40e1-53cb-993c-1508-a352c125b97b,VS10841,VS10826,حوض وجه معلق -80 سم,1.000
5dab9b31-8bf8-a3c9-5b90-b53ea474a0f2,LG40393,LG40391,حوض وجه برسلين 80 سم,1
d0dca649-1f3e-5ae0-36a9-2a64ca5027ca,AB10838,AB10803,خزانة حمام أبيض,1.000
7b5c1eab-3caa-0467-06ad-3fa040a5536e,ML30743,ML30418,مرايا حمام مع إضاءة لد 80*60 سم,1.000
14dd456b-f374-ebc4-1376-c89907c8bc23,AB10839,AB10113,خزانة حمام أبيض,1.000
99d69684-27ce-c15d-f076-99f206078c42,AM0849,AM0112,حوض وجه مع دولاب حمام -80 سم,1.000
4ab56462-b498-5b7e-e3a8-1197d6a8a61a,AM40356,AM40351,مراية دولاب حمام -80 سم,1.000
b3d37633-3616-ab71-8fb7-dbc737777977,LG40769,LG40770,حوض كواريون كوارتز80سم أسود,1.000
61b13fd1-79f3-5516-aaa3-da16720f6e41,AM0947,VS10952,حوض وجه معلق -80 سم,1.000
f2e9604e-8d19-3293-50d4-33965b488221,VS10824,VS10140,حوض وجه معلق -90 سم,1.000
77dc18e7-fc8a-8469-660d-ec66f330586e,PSB10229,AM40226,مراية دولاب حمام -70 سم,1.000
087d5fa0-5cf1-8ae8-0c15-dc3bbc2d80c5,LG40197,LG40174,حوض وجه برسلين مشطوف 80 سم,1.000
8ed07413-c06c-9450-2b74-4e6d0dd6c017,AM0423,AB10420,خزانة حمام 120*24*20,1.000
2ff68861-d2b5-31cc-8a26-0a59beaf76f2,AM0799,VS10801,حوض وجه معلق -90 سم,1.000
2fdaa747-a142-040a-c325-b858188180ba,AM40340,AM40227,مراية دولاب حمام -70 سم,1.000
59429c12-6840-a345-db16-98154fa4c8d2,AM0837,AM0838,حوض وجه مع دولاب حمام -80 سم,1.000
c2dc086f-7bf1-0402-1d12-eeaf49ac8bb6,PSB10228,AM40194,مراية دولاب حمام -60 سم,1.000
e4ad6b56-d525-8098-4cc8-cfa90f8716e6,AM0942,VS10943,حوض وجه معلق -80 سم,1.000
c23fda8f-dd43-288e-2fad-aa63c1207868,ML30740,ML30418,مرايا حمام مع إضاءة لد 80*60 سم,1.000
bb6bac47-d333-9330-88b9-263653d5933d,LG40146,EG40149,رف حوض وجه برسلين 100 سم,1.000
7be22072-7bd3-d0a0-dd3f-89152e24cf9d,AM0354,AM0407,حوض وجه مع دولاب حمام -80 سم,1.000
2a11b94d-cc35-ff88-70ef-4773708677b5,AM0804,AM0805,دولاب حمام مع إضاءة لد-80 سم,1.000
4dd0d1b7-d97a-e1de-dbf0-4c1b091745fb,LG40893,ML30892,مرايا حمام مع إضاءة لد-عرض60*80 سم,1.000
f0666a86-430d-b2a6-5268-c807347afa1f,AM0821,VS10824,حوض وجه معلق -100 سم,1.000
ecca3fc8-a451-2e3d-8469-802ea8c25e18,LG40381,EG40351,رف حوض وجه برسلين 80 سم,1.000
00f7e722-3e6c-6690-1447-f0aca5e5d256,AM0853,AM0112,حوض وجه مع دولاب حمام -80 سم,1.000
7eb37b66-5058-b3a1-790e-c786b0c5286a,AM0576,AM40575,مراية دولاب حمام -60 سم,1
fadc60de-e7d9-a9e0-0e6f-c431bda555f8,AM0128,AB10116,خزانة حمام أبيض,1.000
82b78b45-0090-f9db-74ac-884d4b4fecd5,LG40391,LG40322,حوض وجه برسلين 80 سم,1.000
ef9708c5-47f7-7b82-b5c5-fb0d6eb9fc19,AM0564,AM0805,دولاب حمام مع إضاءة لد-80 سم,1.000
80b6eb7d-9eba-2c21-9efa-fe437566ed28,LG40382,LG40341,حوض وجه برسلين مشطوف 80 سم,1.000
fe4f279d-4a34-b46e-82a2-a921e695d634,AM0357,AB10355,خزانة حمام أبيض,1.000
c974488d-1585-4bec-9a74-06511f5e96c1,AM0856,VS10845,حوض وجه معلق -60 سم,1.000
11802fd0-147e-d52a-9a70-adb465c3c1b1,AM0419,AB10417,خزانة حمام 120*24*20,1.000
535bc131-4a8e-e3a3-1907-adf863570501,AM0854,AM0858,دولاب حمام -80 سم,1.000
e508a57b-7ed6-672f-226c-c020cd1dd665,AM0847,AM0112,حوض وجه مع دولاب حمام -80 سم,1.000
d54ffd7f-ab61-eac0-f585-4d493bfeddda,ML30791,ML30121,مرايا حمام مع إضاءة لد 90 سم,1.000
0e704570-f6a2-ece1-d1d0-444c4bdc652c,AM0129,AM0106,حوض وجه مع دولاب حمام -80 سم,1.000
a99d04ae-abba-d2db-0c2d-9c40e722d262,LG40083,EG40082,رف حوض وجه برسلين 90 سم,1.000
e3cc4795-046a-3973-1fea-15da390c1b32,VS10801,VS10140,حوض وجه معلق -90 سم,1.000
4843bdb0-6ce7-a935-0392-b8149d129996,LG40385,LG40330,حوض وجه برسلين 65 سم,1.000
11bf9406-d752-2eef-f8bb-7027c1b22999,AM0954,VS10956,حوض وجه معلق -70 سم,1.000
3565200e-29df-63b7-e301-afed8ac68b97,AM0092,VS10140,حوض وجه معلق -90 سم,1.000
e3e2eb72-204f-847c-ed4d-faf81a14639b,LG40734,LG40939,حوض كواريون كوارتز 100سم,1.000
11b77ddf-945e-88dd-1c8b-9ed3d2cf71b1,LG40372,EG40348,رف حوض وجه برسلين 80 سم,1.000
1326a97b-7d0d-7c59-4359-5a1cd47e5119,AB10848,AB10113,خزانة حمام أبيض,1.000
0207f6ae-6973-b923-07b5-d7f23bfba8d7,AB10562,AB10744,خزانة حمام أبيض,1.000
a46c2070-733c-8f13-4b4c-c8543ab66b53,LG40380,LG40327,حوض وجه برسلين مشطوف 80 سم,1.000
c2658a6e-7b3b-e75e-7f4c-c83095a475c2,AM0131,ML30114,مرايا حمام مع إضاءة لد 80*60 سم,1.000
4da29121-7826-16d2-66aa-f2b1a4ef1fde,EG40982,EG40862,رف كواريون كوارتز 100سم أبيض,1.000
eb4004c1-8139-fa4c-b588-3f6e658fcf90,AB10360,AB10336,خزانة حمام أبيض,1.000
bb22e0fb-5764-3964-c520-2cd79e5fcacc,AM0130,VP20119,حوض وجه فوق الرخام 100 سم أبيض,1.000
64c93e69-0b54-4f16-90e7-51f8ba8b15bf,LG40107,LG40105,حوض وجه برسلين 80 سم,1.000
e2df6594-c569-e94b-7340-4c70e228391f,VS10223,VS10219,عمود حوض وجه سداسي أرضي أبيض,1.000
21e32a35-af6c-0cb8-ad7c-18c7f8563069,AM0859,AM0805,دولاب حمام مع إضاءة لد-80 سم,1.000
8d356ac8-5d2a-f039-66cd-9b9e14a7fe83,ML30231,ML30109,مرايا حمام مع إضاءة لد 80*60 سم,1.000
72c197d7-9749-2eda-facf-30744676bd77,AM0455,AM40452,مراية دولاب حمام 100 سم,1.000
40f3046c-8c22-cbb3-9497-832f30aa51f4,VS10765,VS10462,حوض وجه معلق 80 سم,1.000
c12ba347-2fe0-9be3-4896-3f2b65d8221e,AM0414,AM0411,حوض وجه مع دولاب حمام -80 سم,1.000
4ef075a4-0797-3f78-f66a-fc986e61dfad,ML30808,ML30109,مرايا حمام مع إضاءة لد 80*60 سم,1.000
4fa2ef4d-22f8-a1a2-8fc0-c3d6e3288825,AM40340,AM40335,مراية دولاب حمام -80 سم,1.000
acb40a16-0b28-e21c-de7c-ec43ec911c76,LG40769,ML30775,مرايا حمام مع إضاءة لد 60*80 سم عرض,1.000
daedc16b-89bb-d4a4-c8ed-71a171332dce,ML30494,ML30115,مرايا حمام مع إضاءة لد 100*80 سم,1.000
418ed4b4-e769-63a2-83f0-27abb23ecfe5,LG40978,LG40773,حوض كواريون كوارتز 60سم,1.000
d4f22b65-7b2b-9579-0562-248c61505f96,AB10076,AB10116,خزانة حمام أبيض,1.000
1391c018-e92f-3735-44da-5409b1e53c8f,AM0337,AB10336,خزانة حمام أبيض,1.000
bc28a4b3-aafa-8657-e40c-0fa0bb2b779a,MI10135,ML30413,مرايا حمام مع إضاءة لد 80*60 سم,1.000
a5f42739-a1d7-6027-e29a-aafd4ef80102,ML30840,ML30808,مرايا حمام مع إضاءة لد80*60 سم,1.000
cc9ef721-686a-abe8-a7e7-3b10fe02f41d,LG40001,LG40318,حوض وجه برسلين مشطوف 80 سم,1.000
58b6ef63-7e34-356e-d2bc-71f522ece01b,AB10803,AB10741,خزانة حمام أبيض,1.000
b1ad3fe2-3e12-af63-edd3-63bf63976f7b,LG40390,LG40331,حوض وجه برسلين 65 سم,1.000
4f3d096e-29cd-f4fe-afcc-6872d1961c02,AM0778,ML30749,مرايا حمام مع إضاءة لد,1.000
d82cf04b-e04b-3c03-1bd0-bf6872ab463f,AM0128,ML30115,مرايا حمام مع إضاءة لد 100*80 سم,1.000
fce0d53e-c18b-e05e-3da2-5b45c7e2e78f,AM0856,ML30846,مرايا حمام مع إضاءة لد80*60 سم,1.000
43957d13-8406-9757-f2f8-8047c6185a6e,VS10222,VS10221,حوض وجه سداسي معلق أبيض,1.000
053aa247-498c-871c-7b4f-cc309430fd1f,LG40299,LG40296,حوض رخامي كوارتز 80سم,1.000
4733d99d-7c0f-2d5e-faef-bac394bb5c6e,LG40767,LG40394,حوض وجه برسلين 80 سم,1.000
eb25dde9-a055-68ff-7e0e-ba373c54f037,AB10558,AB10744,خزانة حمام أبيض,1.000
b0b46ba2-fe4b-8d76-fa25-ba5578c910bd,LG40860,LG40861,حوض كواريون كوارتز100سم أبيض,1.000
f6b826d5-3b1d-6a63-8a3b-a8de0842f7ce,ML30230,ML30109,مرايا حمام مع إضاءة لد 80*60 سم,1.000
a501df0b-3a71-a4ff-0774-5fd0fadd8a9e,LG40121,EG40102,رف حوض وجه برسلين 80 سم,1
5573a7d6-edec-9a4d-15ad-60244057aa2a,AM0844,AM0845,حوض وجه مع دولاب حمام -80 سم,1.000
124915b0-2201-884b-78fd-4f4acd15f460,AM0829,AB10838,خزانة حمام أبيض,1.000
f3d95343-ccb4-0856-b8f8-8376725843e8,LG40779,LG40361,حوض وجه برسلين 60 سم,1.000
cfc9da2a-14b9-58c8-018e-bed5a548dd86,AM0974,AM0975,دولاب حمام -60 سم,1.000
ca1a86de-ccb7-92bc-b569-202f98fb7412,AM0077,AM0111,حوض وجه مع دولاب حمام -80 سم,1.000
a837c231-d80a-6211-ccee-334bf3f5b47e,AM40361,AM40227,مراية دولاب حمام -70 سم,1.000
acbce933-fe43-fd2b-cfdd-c42c90738ce1,AM40569,AM40560,مراية دولاب حمام -80 سم,1
2a14568f-52c3-8825-8fab-5d6fe3434d25,AM0827,AB10825,خزانة حمام أبيض,1.000
ad5dc5f0-bb22-427c-4595-b871801550c6,LG40403,LG40368,حوض وجه برسلين مشطوف 80 سم,1.000
357dae3e-8d21-2dca-4fcb-09fb1645c03e,ML30840,ML30109,مرايا حمام مع إضاءة لد 80*60 سم,1.000
9ab3c80f-c906-3735-263d-fb2bb655f1a8,PSB10230,AM0182,حوض وجه مع دولاب حمام -80 سم,1.000
da9b56a9-dda6-0bc5-67a8-16708a70dc77,ML30824,ML30823,مرايا حمام مع إضاءة لد 100*70 سم,1.000
abdbc52a-3290-d455-7552-a7bc35359939,AM0455,AM0450,دولاب حمام 100 سم,1.000
35be30d7-18f1-01dc-98ac-0d16269f7bd4,AM0854,VS10841,حوض وجه معلق -80 سم,1.000
d914ea10-9620-760d-3268-9e6d1d8286ca,AM0764,AM0751,دولاب حمام -80 سم,1.000
94164b93-8a0f-f3a1-ef7b-8c12a687106f,ML30839,ML30808,مرايا حمام مع إضاءة لد80*60 سم,1.000
6d5470ad-6390-51c9-5ccb-277efea85d13,LG40978,EG40774,رف كواريون كوارتز 60سم,1.000
71b79bcf-c688-41f2-5370-927e87d7f4a4,AM0848,AM0849,حوض وجه مع دولاب حمام -60 سم,1.000
a40c13d7-e51b-175a-9985-7b07329243d3,LG40788,EG40082,رف حوض وجه برسلين 90 سم,2.000
bc4d7549-c90d-a1a1-baf6-f425b426e6fa,AM0858,AM0805,دولاب حمام مع إضاءة لد-80 سم,1.000
44cdab2f-319a-ff2c-d7a5-7d18ade91a6e,AM0698,AM0699,دولاب حمام مع حوض وجه 60 سم,1.000
fd910dbf-23b9-9f56-67b7-4d06d23963a0,AM0148,ML30413,مرايا حمام مع إضاءة لد 80*60 سم,1.000
0350a035-d549-73bc-81c8-40627d6e1b97,AM0689,AM40691,مراية دولاب حمام 80 سم,1.000
af1317d6-f667-8633-0e14-3a7c25f75c80,AM0352,AM0349,حوض وجه  دولاب حمام -80 سم,1.000
fea35d6e-cbef-ab7c-0dba-34451991160a,LG40766,LG40767,حوض وجه برسلين 80 سم,1.000
965b59a0-ad30-12ed-e560-b6412784071c,AM0352,AM40351,مراية دولاب حمام -80 سم,1.000
a2273ed3-8b0f-a074-8237-2aaad34fa129,EG40102,EG40342,رف حوض وجه برسلين 80 سم,1.000
547ac298-cd8a-ff8c-32ed-bceee84e67af,ML30493,ML30115,مرايا حمام مع إضاءة لد 100*80 سم,1.000
521d3303-3b3a-185b-2d22-6eaa173ef53a,PSB10195,AM0185,حوض وجه مع دولاب حمام -60 سم,1.000
3fd823a4-88cd-7a5a-da8c-86c77924de83,AM0962,AM40965,مراية دولاب حمام 70 سم,1.000
bfc643ac-380d-a418-49bf-7cd547bd65ba,AM0359,AM0349,حوض وجه  دولاب حمام -80 سم,1.000
dc4e444e-66f6-9c66-bb36-a669d40101e8,AM40575,AM40227,مراية دولاب حمام -70 سم,1.000
ff9d323c-0349-8e1c-d2ca-7b1a490cb879,LG41138,LG41137,حوض معا رف كوارتز80سم أبيض,1.000
1612e97c-7c16-70a7-0920-0ec1b9fb79a8,LG40373,EG40372,رف حوض وجه برسلين 80 سم,1.000
ce1c6a8c-d2af-b3a8-0950-538eb541486e,LG40986,EG40988,رف كواريون كوارتز 80سم أبيض,1.000
97d25a15-6d1e-1cd9-054b-792d75569918,ML30397,ML30121,مرايا حمام مع إضاءة لد 90 سم,1.000
08fe23b6-e64d-c4d1-5a0b-51a00bd331a9,AM40356,AM40335,مراية دولاب حمام -80 سم,1.000
b5e7f7c9-3baf-5897-1d80-dc2a07a18648,AM0342,AM0338,دولاب حمام 80 سم أبيض,1.000
eac9d4bb-3fcb-363a-764d-f5a0afa66fa5,AM0809,ML30814,مرايا حمام مع إضاءة لد85*70 سم,1.000
3ba28b39-4508-1bc0-e6fe-9330ea8d128a,AM0138,VS10136,حوض وجه معلق -100 سم,1.000
f3ba34a0-fc09-6cb7-f48a-ef5a9b8a4b26,AB10825,AB10803,خزانة حمام أبيض,1.000
8bc7040d-f6ca-e398-440a-57df7139bc7f,LG40192,EG40177,رف حوض وجه برسلين 80 سم,1.000
25049d03-9815-f425-bab8-3692e7d3bd96,ML30814,ML30109,مرايا حمام مع إضاءة لد 80*60 سم,1.000
215a4507-032e-6b06-5b3b-b91ea3e5da59,LG40794,LG40795,حوض كواريون كوارتزأبيض 60سم,1.000
2f829e40-19b3-494d-a29c-45a03561b4f6,LG40192,LG40176,حوض وجه برسلين مشطوف 80 سم,1.000
fd091f7a-c4ec-a189-95a6-5f0c963968b8,AM0751,AM0002,دولاب حمام -80 سم,1.000
0581c6a3-9710-cf17-a1ee-bfb5a5fca893,LG41017,LG41018,حوض رخامي كوريان 80سم,1.000
cd281be4-2b72-83ab-59c3-662cb93f9f51,PSB10195,AM40193,مراية دولاب حمام -60 سم,1.000
00729ad9-83f1-3aaf-0b7e-391a40698524,EG40775,EG40940,رف كواريون كوارتز 100سم,1.000
354a4e6f-859c-5496-6516-9dec9936896f,ML30399,ML30121,مرايا حمام مع إضاءة لد 90 سم,1.000
06794b39-5fb3-76f0-7dd6-889f098f3894,EG40775,EG40774,رف كواريون كوارتز 60سم,1.000
7f8992b8-5f3a-5dec-68a3-85e76744dbd4,AM0570,AB10567,خزانة حمام أبيض,1
9ec23a90-117b-382c-9aa6-83f416117b82,AM0148,AM0411,حوض وجه مع دولاب حمام -80 سم,1.000
128b3e1b-7622-7bcf-2ef5-60ee924b798b,AB10567,AB10744,خزانة حمام أبيض,1.000
8e350259-e261-12c7-3a2d-8430f6070cea,AM0423,AM0421,حوض وجه مع دولاب حمام -80 سم,1.000
2a32a09c-a7f0-b50d-8e2c-6848c54257f5,AM0132,AM0103,دولاب حمام 80 سم أبيض,1.000
a0435be4-14e3-a161-9e53-84908a14c934,AB10355,AB10336,خزانة حمام أبيض,1.000
0fd5edd2-9013-7939-3fc9-ce0dc3482897,AM0131,AB10113,خزانة حمام أبيض,1.000
2e253012-ea53-9e88-f96e-05f4bc90cf7a,VS10841,VS10806,حوض وجه معلق -80 سم,1.000
d6c4eae3-f69a-c75e-3b65-ae80453bd7bc,AM0344,AM0407,حوض وجه مع دولاب حمام -80 سم,1.000
b8215b7b-f357-d7dd-7baa-a577bdb12916,AM0695,AM40697,مراية دولاب حمام 80 سم,1.000
f1dd825e-9e76-13ff-8a15-a1230cdaa446,MSB0410,AB10409,خزانة حمام 120*24*20,1.000
4a47f649-5a0f-7d04-d221-7f805568711d,AM0966,AM0967,دولاب حمام -60 سم,1.000
acec16b2-23a6-8d4d-08b2-8a2874ffb55d,LG40377,EG40342,رف حوض وجه برسلين 80 سم,1.000
8b1849a5-b44c-791e-69fe-3f85d5c2f55c,LG40402,LG40374,حوض وجه برسلين 80 سم,1.000
35e50bec-7183-dacd-f9a9-c26e5d490755,AM0843,AM0845,حوض وجه مع دولاب حمام -80 سم,1.000
a9a7d52c-a1a1-a1bb-9d99-66737ca014a8,ML30808,ML30079,مرايا حمام مع إضاءة لد 90*60 سم,1.000
e8790211-9e05-6393-3fe9-94989f6ec092,PA30469,LG40325,حوض وجه برسلين مشطوف 80 سم,1.000
df77c5d8-d7be-f855-752b-a84aeed0c4b7,ML30753,ML30121,مرايا حمام مع إضاءة لد 90 سم,1.000
5c12e5ad-a627-6706-c16a-a8272467f0c1,VS10845,VS10801,حوض وجه معلق -90 سم,1.000
aa2c37f1-7860-05df-93ad-d1cb5c62d9a3,EG40102,EG40392,رف حوض وجه برسلين 80 سم,1
d63d7d9b-452f-d594-006a-e5b5dd773eb6,AM0405,AM0078,دولاب حمام -90 سم,1.000
64eb882c-0313-7452-3eee-5ead69a1d0ac,LG40379,LG40326,حوض وجه برسلين مشطوف 80 سم,1.000
beb0e757-1dca-e0de-ea54-672ca16d3400,LG40396,LG40394,حوض وجه برسلين 80 سم,1.000
a3a1ed50-d575-e3d3-7c82-93eea7bc041e,AM0846,AM0847,حوض وجه مع دولاب حمام -80 سم,1.000
b8982b2e-c9b1-e3b8-d2ac-42992b820ba4,AM0073,AM0111,حوض وجه مع دولاب حمام -80 سم,1.000
8865c829-cd52-ebe5-06d5-9e96247dd0f6,AB10346,AB10116,خزانة حمام أبيض,1.000
6b9867dc-e5e5-25be-7e82-b4e0439bd3b7,VS10843,VS10806,حوض وجه معلق -80 سم,1.000
82e20e27-4b1b-2e81-cbbf-f29d7080eb75,AM0459,AM40457,مراية دولاب حمام 80 سم,1.000
2100908d-b896-2d7d-6446-aa83c3cfa956,AM0855,ML30844,مرايا حمام مع إضاءة لد80*60 سم,1.000
59110500-8c62-ce80-3237-c4bafe44c33e,AM0339,AM0334,حوض وجه  دولاب حمام -80 سم,1.000
28ee7748-eba9-9bbf-667c-df9947142e73,LG40376,EG40371,رف حوض وجه برسلين 80 سم,1.000
9d307de7-7157-84d7-8f46-0695bea43042,LG40384,EG40353,رف حوض وجه برسلين 80 سم,1.000
7d2fe30e-21d4-20e0-bb2e-c72d1eb39da2,AB10825,AB10741,خزانة حمام أبيض,1.000
aa788129-c398-1421-91b1-d87544a86008,AM0459,VS10458,حوض وجه معلق 85 سم,1.000
1e677c8d-0b3a-45e9-d2da-d9a5b1a86fd6,ML30745,ML30418,مرايا حمام مع إضاءة لد 80*60 سم,1.000
bdd0a660-d63c-1178-0bcf-a15519d56510,AM40700,AM40694,مراية دولاب حمام 60 سم,1.000
f94ce1a9-e282-147c-07c4-84fb44132181,AM0362,AM40361,مراية دولاب حمام -80 سم,1.000
463545e0-d02e-2a11-78cf-dcd4586514bd,ML30831,ML30418,مرايا حمام مع إضاءة لد 80*60 سم,1.000
b7298c1a-af75-6380-e9d6-ae704c559d44,AM0092,AM0078,دولاب حمام -90 سم,1.000
d8d80022-8c0f-ad65-44bc-fde2fd8b9836,LG40105,LG40322,حوض وجه برسلين 80 سم,1.000
517bb156-fe4d-2a99-ec2a-24286c328f60,ML30744,ML30418,مرايا حمام مع إضاءة لد 80*60 سم,1.000
6a9e5f43-1e1a-94fc-c387-fa4e388ba649,AB10346,AB10336,خزانة حمام أبيض,1.000
a06b1b41-56f0-5ce5-6a5a-5a125ff9c420,AB10849,AB10113,خزانة حمام أبيض,1.000
26832782-6be7-8745-7880-d7401f1740db,AM0561,AM40560,مراية دولاب حمام -80 سم,1
323ac97f-38ad-d11c-55c2-bfa1bf81870c,AB10840,AB10838,خزانة حمام أبيض,1.000
c3d75f42-d67e-0efe-76d8-98ec8948e7e5,ML30089,ML30109,مرايا حمام مع إضاءة لد 80*60 سم,1.000
d21a93ea-5967-c28a-94d0-e01a27b83d00,LG40174,LG40369,حوض وجه برسلين مشطوف 80 سم,1.000
22fd4a30-021d-a2ef-51e2-7ebf0920476b,AM0841,AM0112,حوض وجه مع دولاب حمام -80 سم,1.000
852bda98-8363-590e-f6b6-dc0e1b3cd56d,AM0954,AM0955,دولاب حمام -70 سم,1.000
272482d8-2eab-3e67-8f1d-db2cf5fbcfac,AM0339,AM0407,حوض وجه مع دولاب حمام -80 سم,1.000
85344115-20fa-d401-4bfd-7ddc46f3ffc4,AM0844,AB10843,خزانة حمام أبيض,1.000
e596ff31-f757-547d-63a9-518a8bd0ae59,ML30223,ML30109,مرايا حمام مع إضاءة لد 80*60 سم,1.000
27a2625c-1dca-424d-576d-1eea70ee804c,AM0810,AM0805,دولاب حمام مع إضاءة لد-80 سم,1.000
9fbc6485-a507-c346-aa5a-0ef1251b5a67,ML30935,ML30109,مرايا حمام مع إضاءة لد 80*60 سم,1.000
7be97d35-2878-cdc8-992b-c883f6ff841b,AM0804,ML30808,مرايا حمام مع إضاءة لد80*60 سم,1.000
e6f1b3f5-6251-4838-cbfb-a925f743a745,LG40194,EG40179,رف حوض وجه برسلين 80 سم,1.000
e68363a6-1398-46a4-c91e-e0f358f7edf8,LG40401,LG40369,حوض وجه برسلين مشطوف 80 سم,1.000
18a11bac-0804-f463-34b1-d6c987ae0f4f,AM0839,AM0112,حوض وجه مع دولاب حمام -80 سم,1.000
a7139214-c9ea-b34e-6867-1842012384df,AM0779,AM0740,دولاب حمام مع حوض وجه 80 سم,1.000
1bed84da-6683-e969-fea2-fa081c2d1203,AB10845,AB10825,خزانة حمام أبيض,1.000
078e0a0a-ffd9-3128-669b-5f21c7fbd3d8,AM0334,AM0407,حوض وجه مع دولاب حمام -80 سم,1.000
589cb1f7-c5b0-5f9f-3cd4-0c8d4378002c,AM0776,AM0736,دولاب حمام مع حوض وجه 60 سم,1.000
e2a5bc05-bd4c-f30d-e6b1-4f7aab8648b4,LG40605,EG40609,رف رخامي كوارتز 60*50سم,1.000
1cb1336a-5649-e509-eb36-fe51fc5f439c,AB10341,AB10336,خزانة حمام أبيض,1.000
0b1dc745-b730-1557-02be-6a7357d185eb,LG40195,EG40190,رف حوض وجه برسلين 80 سم,1.000
73a6457b-5895-9d31-7929-3e2475b34d52,AM0342,AB10341,خزانة حمام أبيض,1.000
5ddd82c6-07c2-a9d7-be95-dfb453f84b31,AB10842,AB10113,خزانة حمام أبيض,1.000
ca334e1f-c10e-d7a1-019b-f38321e734a4,VS10843,VS10826,حوض وجه معلق -80 سم,1.000
c87e8101-62ff-37fa-e462-a72043e3dce2,LG40986,ML30989,مرايا حمام مع إضاءة لد-عرض60*80 سم,1.000
766105a4-940e-9fb7-2a0e-f0902050e449,AM0856,AM0857,دولاب حمام -60 سم,1.000
09627382-bcab-df41-2843-812f8a3e6446,LG40559,EG40150,رف حوض وجه برسلين 80 سم,1.000
19ead176-caa4-cc37-ada6-e9980d554a9f,AM0938,AM40940,مراية دولاب حمام 80 سم,1.000
95ccebfe-3bf2-ef1d-55f2-af5507966fe4,LG41017,AM1019,دولاب حمام -80 سم,1.000
bfff6a6b-789c-f286-98af-8bd8b5942dea,ML30088,ML30109,مرايا حمام مع إضاءة لد 80*60 سم,1.000
52b495cc-e860-a443-1bad-846c76bddb5f,AM0359,AM0354,حوض وجه  دولاب حمام -80 سم,1.000
32023860-fbaa-9878-d6d1-8b0831961622,AM0357,AM0353,دولاب حمام 80 سم أبيض,1.000
0ac190d0-f70c-9f2f-38b5-05b6a1896d72,VS10538,VS10219,عمود حوض وجه سداسي أرضي أبيض,1.000
ceb111fe-70e4-998b-6d93-07acc1fc6f9a,AB11025,AB10412,خزانة حمام 120*24*20,1.000
7551e174-e7f6-2d22-4bfc-a39c9794780f,AM0842,AB10840,خزانة حمام أبيض,1.000
894d116d-e468-8545-6e74-d7ef4fe3beaa,AB10072,AB10116,خزانة حمام أبيض,1.000
1e288d9d-45f7-4d17-e36d-6747ca08909e,LG40402,EG40375,رف حوض وجه برسلين 80 سم,1.000
f41985a9-179b-700c-95e8-4706a6066f23,AM0693,AM40694,مراية دولاب حمام 60 سم,1.000
301d7973-6b69-dd76-e97d-79596789cca7,MI10263,ML30413,مرايا حمام مع إضاءة لد 80*60 سم,1.000
b98d8640-85fd-dfd5-97aa-9de43196a91c,AM0576,AB10573,خزانة حمام أبيض,1
d3119f3d-364b-3d06-3a8b-add3a7595de9,AM0826,AM0822,دولاب حمام مع إضاءة لد-100 سم,1.000
94deee54-5b6e-d4a8-63df-90f0326f5d56,LG40101,EG40082,رف حوض وجه برسلين 90 سم,2.000
59a1db70-7166-dd33-8695-df969a3f6bdd,AM0938,AM0941,دولاب حمام -80 سم,1.000
a27ef379-ba5e-72e0-7249-29c8050c1f1e,AM0763,VS10765,حوض وجه معلق 80 سم,1.000
4f51ac46-aa84-e728-7e00-6c3a295a57e8,AM0850,ML30834,مرايا حمام ضد البخار مع إضاءة لد 60*80 سم,1.000
c58a8d58-2070-8533-a238-64e4da9e0c01,LG40083,VP20786,حوض وجه فوق الرخام أبيض,1.000
71176d55-b5ed-f567-4e75-929b60688762,ML30086,ML30109,مرايا حمام مع إضاءة لد 80*60 سم,1.000
9efdeabe-a4b8-dedf-111a-8b0dd21db4b6,ML30070,ML30121,مرايا حمام مع إضاءة لد 90 سم,1.000
d31e0748-321a-8aa5-7a6a-e683d6072832,AM0564,AM0828,دولاب حمام -80 سم,1.000
bc5e1bcc-5ff8-e26c-fc7f-b21de0cb385b,AB10854,AB10113,خزانة حمام أبيض,1.000
8bb5488d-49f0-43b1-34fb-fe5b757eeb23,ML30746,ML30418,مرايا حمام مع إضاءة لد 80*60 سم,1.000
39e91909-51d3-92b1-3661-15c98c0d294c,AM40575,AM40335,مراية دولاب حمام -80 سم,1.000
a3001944-742a-a57a-a520-db72b82497dc,AM0138,ML30137,مرايا حمام مع إضاءة لد 100*80 سم,1.000
60f2b965-1413-d3a1-7f9f-69343c53b53c,PSB10398,AM0112,حوض وجه مع دولاب حمام -80 سم,1.000
6305dc6b-22bc-1ab6-9cd4-3bb4c057e717,LG40121,LG40112,حوض وجه برسلين مشطوف 80 سم,1
57b3fd27-51a9-7865-ec6d-d7e6f40df947,AM0851,AM0112,حوض وجه مع دولاب حمام -80 سم,1.000
446db0af-0d4d-c147-7fe2-7319fe7c8108,AB10844,AB10741,خزانة حمام أبيض,1.000
3b82ade5-b1a4-1075-edd9-0c39c2150d84,AB10355,AB10116,خزانة حمام أبيض,1.000
c85b10b9-9508-7140-8860-7e787bf8d96c,AM0825,AM0826,دولاب حمام مع إضاءة لد-100 سم,1.000
68d9d786-a4f8-f0fd-dfcb-87f3685d668c,ML30826,ML30808,مرايا حمام مع إضاءة لد80*60 سم,1.000
1ff012b4-e7da-1aee-7d34-c9056f96b98d,AM0827,ML30826,مرايا حمام مع إضاءة لد80*60 سم,1.000
8d7351f2-b5b3-d21e-28ce-fd1a8a66bd30,AM0776,ART0746,مرايا حمام مع إضاءة لد,1.000
2b6fcce2-4362-6daa-69cd-d8232db54b4f,AM0132,AB10104,خزانة حمام أبيض,1.000
e96dc22c-6fe2-2223-f37e-50c8f8ad715a,LG40605,ML30610,مرايا حمام مع إضاءة لد 60*50 سم,1.000
c7d5c4ab-baa3-6908-5a88-ec6d7b92af1f,LG40193,LG40183,حوض وجه برسلين مشطوف 80 سم,1.000
346d84d7-4a7c-dd04-5647-70a0a6bc093b,AM0342,AM0339,حوض وجه  دولاب حمام -80 سم,1.000
a4aa0937-311e-a4d7-89e5-c1e9b44ac90c,AM0801,AB10804,خزانة حمام أبيض,1.000
ae68b26f-c1c6-1ef4-e8d9-7f9a67586156,LG40104,LG40102,حوض وجه برسلين 65 سم,1.000
cb8aa6e2-1f4a-d88b-36d6-2cc510080f9b,LG40381,LG40322,حوض وجه برسلين 80 سم,1.000
68bdb8f9-1a06-26cd-442b-99d694a42f1c,EG40392,EG40342,رف حوض وجه برسلين 80 سم,1.000
8c9372ce-4820-71ce-e658-ea18be1c75eb,LG40377,LG40315,حوض وجه برسلين مشطوف 80 سم,1.000
0688d2ec-f168-ecf4-cc33-842de649c552,AB10840,AB10803,خزانة حمام أبيض,1.000
1e377a01-4429-0ea6-3e1f-82e7e6019f71,PA30224,LG40325,حوض وجه برسلين مشطوف 80 سم,1.000
4ca93307-ed4e-8baf-052b-0befb02196f7,ALVM50208,VS10220,عمود حوض وجه سداسي معلق أبيض,1.000
94cbb492-6d3e-a7bd-f1d9-2d95b675306a,LG40299,EG40297,رف رخامي كوارتز 80سم,1.000
e981928a-6821-4d1b-11e5-b4f7d115bde6,AM0846,AB10848,خزانة حمام أبيض,1.000
b1da86d6-340a-a73d-d6b0-fdef7804e2a6,AM0780,AB10742,خزانة حمام أبيض,1.000
85526497-536b-718a-2537-a46c6dc4f761,ML30103,ML30408,مرايا حمام مع إضاءة لد 80*60 سم,1.000
87a54a9b-30ae-76b0-b44f-73f0cb56ca94,AM0801,VS10803,حوض وجه-80 سم أبيض,1.000
fab950ba-83b6-5073-9e0d-f95cabf09647,AB10841,AB10741,خزانة حمام أبيض,1.000
71db4f5f-c7e6-d2b6-5356-f66bafe549d5,LG40199,LG40185,حوض وجه برسلين مشطوف 80 سم,1.000
5839b6d1-6387-9d10-05f0-30f73467c9ef,AM0699,AM0692,دولاب حمام مع حوض وجه 60 سم,1.000
80d87c0a-71a3-2ba5-2fbc-0b5835b1d8ee,AM0399,AM0103,دولاب حمام 80 سم أبيض,1.000
89982dc2-1325-8b5d-0f6d-4abcdf801104,AM0566,AM0564,دولاب حمام -90 سم,1.000
e1c53930-5748-accf-62ef-4f04dd5e40bf,AM0754,VS10752,حوض وجه معلق 80 سم,1.000
6e50cc55-bbe5-5c7b-6a8d-5ffb58e28b39,AM0419,AM0416,حوض وجه مع دولاب حمام -80 سم,1.000
4cb3c652-47ef-2a43-5501-c53cdd8fe9fe,AM40361,AM40356,مراية دولاب حمام -80 سم,1.000
7b3aba36-9307-59b0-263b-355446ade182,AM0974,AM40977,مراية دولاب حمام 60 سم,1.000
06d19626-8d87-cede-2a97-5630a8e1d569,AM0826,AM0078,دولاب حمام -90 سم,1.000
1ec63b90-9614-23be-d884-226f948ebdcb,AM40361,AM40335,مراية دولاب حمام -80 سم,1.000
ff02cc6a-5bbe-db8d-b693-c2b846dd7490,LG40978,ML30763,مرايا حمام مع إضاءة لد 60*60 سم,1.000
32aecd81-26d7-da6c-5af5-07c478b312f4,AM0092,ML30079,مرايا حمام مع إضاءة لد 90*60 سم,1.000
56c48ac9-d250-3b87-eeeb-5c94c8e5b398,AM0343,AM0333,دولاب حمام 80 سم أبيض,1.000
67adc582-28cf-5cbb-8180-47be92cc7f91,LG40605,LG40608,حوض رخامي كوارتز 60*50سم,1.000
e36e96f3-779f-c547-6822-e2ba2151edc7,AM0838,AM0112,حوض وجه مع دولاب حمام -80 سم,1.000
797e7198-c74b-c7fa-d95e-cdb45344dc1d,AM0825,ML30824,مرايا حمام مع إضاءة لد 100*70 سم,1.000
5d882bda-182d-9da0-e0ed-b91b799f3c38,AM0347,AM0343,دولاب حمام 80 سم أبيض,1.000
c0ca5b0a-5c02-1fd9-56ff-699d82087d54,AM0338,AM0333,دولاب حمام 80 سم أبيض,1.000
f016b13c-992e-3edc-50ba-07835c54ed02,AM0362,AB10360,خزانة حمام أبيض,1.000
ef02fc31-3345-c7d7-015b-3fb13e3d8ec8,PSB10229,AM0183,حوض وجه مع دولاب حمام -80 سم,1.000
5ed26084-e79b-5329-5952-4d9aa928655f,AM0942,AM0944,دولاب حمام -80 سم,1.000
c398f62c-d65c-38e5-b0d7-70f595c4634c,ML30129,ML30109,مرايا حمام مع إضاءة لد 80*60 سم,1.000
bbf9f1cf-6c68-2636-88f5-8fc3c3e12c21,ARSB80252,ARSB80774,شطاف ظغط مع طوبو كروم,1.000
e62dded1-5995-61de-5765-71afe2a1863c,LG40296,LG40315,حوض وجه برسلين مشطوف 80 سم,1.000
8802f82d-0af9-dc07-2ed5-c69ce7daeb53,ML30600,ML30121,مرايا حمام مع إضاءة لد 90 سم,1.000
ade250bb-8935-69db-0ae6-4784804c275c,LG40154,LG40155,حوض وجه برسلين مشطوف لد 80 سم,1.000
868c4757-4fd6-cabf-19f9-56e0e0699b0f,LG41137,LG40749,حوض كواريون كوارتز80سم أبيض,1.000
2900d8ab-ba20-e0f4-a7f2-f6f195327fe8,ARSB80252,ARSB80775,مخرج شطاف كروم,1.000
087326b1-4d2e-8c07-4d36-582638287c61,AB10812,AB10803,خزانة حمام أبيض,1.000
fec980be-b72f-882d-5556-8eccca19782c,ML30802,ML30079,مرايا حمام مع إضاءة لد 90*60 سم,1.000
46f6d895-9ea8-2519-d01c-4584420eb57c,AM0854,ML30842,مرايا حمام مع إضاءة لد80*60 سم,1.000
b8aab625-8ca1-53ed-bddd-358289c9548c,AB10840,AB10741,خزانة حمام أبيض,1.000
cb6f965a-168d-d97e-2e33-d963402ba5bb,LG40403,EG40373,رف حوض وجه برسلين 80 سم,1.000
5405eaf6-0cc0-ed23-4f83-bea8c7e71d95,AM0942,AM40945,مراية دولاب حمام 80 سم,1.000
6be4f290-b761-9e50-6412-4dbaa799b6e1,LG40385,EG40355,رف حوض وجه برسلين 65 سم,1.000
f2745de6-c731-98b0-bc8f-e2e04334e0c0,ML30844,ML30109,مرايا حمام مع إضاءة لد 80*60 سم,1.000
43f46891-3e98-37ef-0bfe-ba256e31e96a,ML30071,ML30121,مرايا حمام مع إضاءة لد 90 سم,1.000
5bdeeb5b-e0c6-c18a-0711-86e6adbfe3c7,AM0563,AM0339,حوض وجه  دولاب حمام -80 سم,1.000
a68ea8b8-09b1-f892-d457-adfe18bfbfd2,LG40389,LG40324,حوض وجه برسلين 65 سم,1.000
4341a50e-c159-3624-c889-a629eb6f712b,AM0698,AM40700,مراية دولاب حمام 60 سم,1.000
01383c02-ab82-7a91-a2d9-78f56cbd9055,LG40788,LG40081,قاعدة حوض وجه برسلين 90 سم,2.000
40e922c9-4e91-d898-4a11-e8f9f20c43a6,MI10264,ML30413,مرايا حمام مع إضاءة لد 80*60 سم,1.000
36c2d7da-bc57-9d22-6018-f02a368e81e8,AM0827,AM0828,دولاب حمام -80 سم,1.000
77d80d92-9faa-2b49-db16-7aba52ed476c,LG40383,EG40352,رف حوض وجه برسلين 80 سم,1.000
7cfb7e7d-4d99-4830-a463-a20ef9612c38,AM0821,ML30823,مرايا حمام مع إضاءة لد 100*70 سم,1.000
7112136e-fc05-974c-4e6e-0b31340cd1c4,VS10845,VS10140,حوض وجه معلق -90 سم,1.000
2d43df48-cb68-ac01-83dc-57e055c93771,AM0570,AM0568,حوض وجه مع دولاب حمام -80 سم,1
0a4c23d5-ab36-6daa-81e2-89c595419088,AM0127,ML30109,مرايا حمام مع إضاءة لد 80*60 سم,1.000
287d0637-c1a3-ae56-6113-25a652b17d3e,AM0564,AM0078,دولاب حمام -90 سم,1.000
7beacb78-cd33-c590-cbab-12d611e660a7,AM0337,AM40335,مراية دولاب حمام -80 سم,1.000
9c4d4e32-2f5f-9120-5eca-818465db91ba,AM0826,AM0800,دولاب حمام مع إضاءة لد -90 سم,1.000
bc0d7f3a-4f9d-9726-5852-bc10d387284b,AM0850,AB10849,خزانة حمام أبيض,1.000
fc77ee87-12f3-5aa3-7392-538f7e619788,AM0347,AM0344,حوض وجه  دولاب حمام -80 سم,1.000
c3fa4f78-9e45-c379-3ef0-67c15873026c,PSB10587,VS10462,حوض وجه معلق 80 سم,1.000
e176586e-2e39-7c58-6d51-ee06f8f9892c,AM0423,ML30422,مرايا حمام مع إضاءة لد 80*60 سم,1.000
c782153a-45d0-4021-3d87-7415490f1625,AM0837,ML30835,مرايا حمام ضد البخار مع إضاءة لد 60*80 سم,1.000
bf706fa8-881b-9a6c-34bd-6ce4a317d7a1,AM0337,AM0333,دولاب حمام 80 سم أبيض,1.000
c1e69d8d-289b-fbc7-41a9-055d631f175e,AM0132,ML30105,مرايا حمام مع إضاءة لد 80*60 سم,1.000
f1b4beee-796d-c12c-9083-d44159381b37,AM0780,ML30747,مرايا حمام مع إضاءة لد,1.000
ac89b49f-5cf4-126d-611a-f3eacd7095a8,AB10562,AB10558,خزانة حمام أبيض,1
08a4ee9c-e925-fb22-131f-aa9b72b0b689,MSB0410,ML30408,مرايا حمام مع إضاءة لد 80*60 سم,1.000
fb1f9f1b-54ab-fd09-ea2c-a9d2be6b14d1,EG40297,EG40345,رف حوض وجه برسلين 80 سم,1.000
eff62b2b-3d3c-4497-5e2c-54ecd515dd71,AM0463,MF20461,مراية حمام 80 سم,1.000
7997ddb3-5538-713f-9405-cc9cf40a5695,ARSB80211,ARSB80767,مخرج شطاف كروم,1.000
f880f92f-366b-28d2-d2e1-fb7bba41c852,AB10360,AB10355,خزانة حمام أبيض,1.000
8a746fb5-d7dd-f896-848c-9b911f0bf98c,LG40294,LG40315,حوض وجه برسلين مشطوف 80 سم,1.000
6baba5f6-2fff-3db3-b930-6e9342c5b27d,ML30741,ML30418,مرايا حمام مع إضاءة لد 80*60 سم,1.000
3a9706d2-350f-756f-f78c-732d49328a61,AM0689,AM0690,دولاب حمام مع حوض وجه 80 سم,1.000
113ae1ff-cbb9-f778-13b5-cfeda4085318,LG40300,LG40294,حوض رخامي كوارتز 80سم,1.000
29d2a52e-5ed1-847d-00a0-54a66406a680,ML30501,ML30121,مرايا حمام مع إضاءة لد 90 سم,1.000
8ff514b2-d813-7f0d-97c3-1e9d1a84ac62,AB10360,AB10350,خزانة حمام أبيض,1.000
0cc0f903-2023-f821-e042-aced28efc177,AM0845,AM0112,حوض وجه مع دولاب حمام -80 سم,1.000
931264b1-2f33-9e3a-2761-36589fdd02aa,PSB10587,MF20003,مراية حمام 80 سم,1.000
7042c7d6-ac6f-0d84-b0c8-86dc63f8ab14,LG40083,LG40081,قاعدة حوض وجه برسلين 90 سم,1.000
cab25e08-82c0-3308-19b7-818b072bf079,AB10336,AB10116,خزانة حمام أبيض,1.000
3eeac653-104d-c579-ccd5-b497987bfd7a,LG40380,EG40350,رف حوض وجه برسلين 80 سم,1.000
d160a35a-b77d-1ead-9151-efddbb0031e3,AM0974,VS10976,حوض وجه معلق -60 سم,1.000
61c04040-9c8c-c5a9-5f7e-9b0a20db2dca,AB10844,AB10803,خزانة حمام أبيض,1.000
0667cb80-a829-c146-96b7-ab7d5548d457,ML30132,ML30109,مرايا حمام مع إضاءة لد 80*60 سم,1.000
1cf5699a-60c5-aff1-aa30-12620a1b54c2,AM0859,AM0078,دولاب حمام -90 سم,1.000
95289166-799c-c0e5-bd08-fbdcecbe07ed,AM0763,AM0764,دولاب حمام -80 سم,1.000
cf7e555a-6a81-15d7-8a37-c2d66e6452a0,LG40980,LG40981,حوض كواريون كوارتز100سم أبيض,1.000
426c4056-c522-8f23-ed12-c97c43018f86,ML30503,ML30121,مرايا حمام مع إضاءة لد 90 سم,1.000
308aedb1-63e3-c0dd-ec92-bb9ab70647a5,ML30842,ML30826,مرايا حمام مع إضاءة لد80*60 سم,1.000
51cb1c69-381a-74cc-0646-c208fd726dea,ML30227,ML30109,مرايا حمام مع إضاءة لد 80*60 سم,1.000
e91d57b8-b774-16a3-3dc7-58b7b1128518,ML30224,ML30109,مرايا حمام مع إضاءة لد 80*60 سم,1.000
0c8af878-21f6-514b-b34c-7e6016783bad,LG40386,EG40360,رف حوض وجه برسلين 65 سم,1.000
b6870942-ebbb-55d4-c444-2dffa20ad39b,AM0358,AM0353,دولاب حمام 80 سم أبيض,1.000
e0af0127-55a6-e28b-ce75-744c273095d1,ML30398,ML30121,مرايا حمام مع إضاءة لد 90 سم,1.000
cb247437-3366-0518-5fba-7d4ff21cb8c2,AM0958,VS10960,حوض وجه معلق -70 سم,1.000
6977bf5b-6c6a-4866-c014-4669da93ef78,AM0821,AM0822,دولاب حمام مع إضاءة لد-100 سم,1.000
a6fa7f45-1a0d-cad6-2a47-faca3ec5fff0,PSB10228,AM0184,حوض وجه مع دولاب حمام -60 سم,1.000
bd1f146f-1af5-433b-22ed-74c2ffd3dfde,AM0804,AB10803,خزانة حمام أبيض,1.000
b8143f2f-2210-29e6-b7ad-9dab79b74e18,AM0801,ML30805,مرايا حمام مع إضاءة لد 83*63 سم,1.000
69e94ba1-08b0-27eb-333d-0f303d285dd7,VS10825,VS10140,حوض وجه معلق -90 سم,1.000
4b4619d4-8467-f82f-8290-23f969efb37b,LG40379,EG40349,رف حوض وجه برسلين 80 سم,1.000
a547ea20-62d7-687f-cca9-0de1cd1fda3b,LG40447,LG40445,حوض وجه برسلين 80 سم,1.000
d528fa9c-4b8d-6bd0-2943-d7d1389d7876,EG40768,EG40395,رف حوض وجه برسلين 80 سم,1.000
24282eac-9957-e03f-a6ad-9ec008f8d593,AM0858,AM0828,دولاب حمام -80 سم,1.000
934e643a-ae69-41cb-98e0-687a0102bd61,LG40372,LG40320,حوض وجه برسلين مشطوف 80 سم,1.000
d6278f4c-3ce9-5d32-f79a-259c8715c1db,AM0566,AM0563,حوض وجه  دولاب حمام -90 سم,1.000
61a90eda-8bc2-d969-0a59-a976e01a0c76,ML30824,ML30079,مرايا حمام مع إضاءة لد 90*60 سم,1.000
7353df48-9cd1-4a91-6049-9ddd32778918,EG40177,EG40370,رف حوض وجه برسلين 80 سم,1.000
181dfb98-ed82-4de4-436b-346ae5ebe5a9,AM0128,AM0117,دولاب حمام 100 سم أبيض,1.000
d86051eb-9b88-e439-3649-29b58a165751,AM0822,AM0078,دولاب حمام -90 سم,1.000
0eba27c4-ba51-a4c8-f6ee-137e4eb99da7,ML30865,ML30752,مرايا حمام مع إضاءة لد-عرض60*80 سم,1.000
b213a191-c02b-4c37-816e-2531cc37b5e3,AM40345,AM40227,مراية دولاب حمام -70 سم,1.000
832edde6-1e6d-d1cc-707c-885b0b564463,AM0357,AM0354,حوض وجه  دولاب حمام -80 سم,1.000
cd5e21bb-6459-6c3c-32e2-35e699d3e780,ML30087,ML30109,مرايا حمام مع إضاءة لد 80*60 سم,1.000
e09ce5ad-2df0-60b9-e616-885620106559,AB10573,AB10558,خزانة حمام أبيض,1
aee962d2-f0e6-2904-b17d-d1271f479712,LG40198,LG40187,حوض وجه برسلين مشطوف 80 سم,1.000
ea20647f-679e-76d9-3036-ab7ee0d193b9,LG41017,ML31020,مرايا حمام مع إضاءة لد 60*80 سم,1.000
b723e587-3383-4153-9926-f498b2e8185e,LG40197,EG40175,رف حوض وجه برسلين 80 سم,1.000
8482a9ea-2283-21a7-6482-9f04c0d7bf13,ML30844,ML30826,مرايا حمام مع إضاءة لد80*60 سم,1.000
68659fe4-b865-7fac-7730-754301b0650b,LG40001,EG40345,رف حوض وجه برسلين 80 سم,1.000
b61dd562-74cb-0b77-3a3a-3edf025b8f7e,EG40175,EG40370,رف حوض وجه برسلين 80 سم,1.000
0e3b4a07-7faa-5b44-a30a-bda58bcd0183,LG40193,EG40184,رف حوض وجه برسلين 80 سم,1.000
4c5de081-657a-8ce9-c3e7-681afba73ad3,AM0568,AM0112,حوض وجه مع دولاب حمام -80 سم,1.000
df69d3d9-f678-a52a-95d7-1336f726ca07,AM0809,AB10812,خزانة حمام بيج,1.000
b27fd465-ae6e-313a-253b-eed9e709a230,LG40393,EG40392,رف حوض وجه برسلين 80 سم,1
d1a0a10e-d56e-47ab-1775-8876b2190af1,VS10223,VS10221,حوض وجه سداسي معلق أبيض,1.000
cfdc4b07-a433-78df-8993-3a44b7f56867,LG40195,LG40189,حوض وجه برسلين مشطوف 80 سم,1.000
dd6e144c-1702-5fe4-27e6-efefd0938ed1,ML30604,ML30109,مرايا حمام مع إضاءة لد 80*60 سم,1.000
0f861018-ee05-4a9e-5f1c-b01b89f49daa,AM0764,AM0002,دولاب حمام -80 سم,1.000
40479613-9242-f1a4-11b9-43f62d8655ff,ML30936,ML30109,مرايا حمام مع إضاءة لد 80*60 سم,1.000
5346067f-ad34-e2b6-da39-2ae57803628c,LG40754,EG40748,رف كواريون كوارتز 80سم أبيض,1.000
24a3737b-8165-c215-4103-559696bcc503,AM0799,AM0800,دولاب حمام مع إضاءة لد -90 سم,1.000
3eaceec2-2cb3-5d6f-2658-3f9db7279fc6,AM40345,AM40340,مراية دولاب حمام -80 سم,1.000
ba5f8148-c2e7-9503-6098-69af98a3dbdc,AM0843,AM0112,حوض وجه مع دولاب حمام -80 سم,1.000
5ade1ae6-0829-b495-3474-8081e6675533,LG40388,EG40357,رف حوض وجه برسلين 65 سم,1.000
f33f9aab-2262-0bd2-4f92-db4faa126abb,AB11024,AB10412,خزانة حمام 120*24*20,1.000
5e69c318-993d-74aa-e13a-1bc06d4aab2b,ML30601,ML30121,مرايا حمام مع إضاءة لد 90 سم,1.000
908a333f-b73d-f74c-2597-bb5dc7f850dd,PSB10398,AB10113,خزانة حمام أبيض,1.000
d29f1556-70e1-ffdd-db92-8c4e7474c8a8,ML30840,ML30079,مرايا حمام مع إضاءة لد 90*60 سم,1.000
98e4d508-23f4-d1f9-771e-c430933d9c07,VS10765,VS10752,حوض وجه معلق 80 سم,1.000
3c05c519-7d08-4919-1bc3-925ac374318b,LG40384,LG40329,حوض وجه برسلين 80 سم,1.000
5054286d-c19a-c333-aa45-ae6f636e9c1c,LG40104,EG40103,رف حوض وجه برسلين 65 سم,1.000
d41ee9a7-2a08-2e5d-46ec-d53cd3cc8bd5,PSB10587,AM0002,دولاب حمام -80 سم,1.000
f731eadc-3aec-6999-8681-915ed7470a3c,AM0825,VS10825,حوض وجه معلق -100 سم,1.000
f42c0afd-95d0-5e5f-1ebf-882b069862a2,VS10222,VS10220,عمود حوض وجه سداسي معلق أبيض,1.000
c68666fc-2963-4036-b428-c1e12c5259d2,AM0829,ML30838,مرايا حمام مع إضاءة لد80*60 سم,1.000
c93c8b27-3942-af09-6665-585758bc7e34,AM0463,VS10462,حوض وجه معلق 80 سم,1.000
7a3ab921-9a10-7578-443e-f53a63791aa0,LG40176,LG40369,حوض وجه برسلين مشطوف 80 سم,1.000
65846fa3-38ad-a965-dfba-fa99a3258482,AB10841,AB10840,خزانة حمام أبيض,1.000
153d90b1-5018-29a5-d6ae-f19aaf7b8d3e,AM0353,AM0333,دولاب حمام 80 سم أبيض,1.000
0d3f9498-3b21-e9d2-fecb-e0f8dad73374,AM0970,AM40973,مراية دولاب حمام 60 سم,1.000
