id,transfer_no,transfer_date,from_location_name,to_location_name,status,notes,old_id
14b491af-7407-6877-33e2-79acfdfa91fb,تحويل :0074 -ين,2025-08-03,مخزن جنزور,فرع 11 يونيو,posted,old_id=310000107 | AM0696:بدون حوض,310000107
be8838b0-b5cd-77d1-3793-8965fd2b7df1,تحويل :0000 -س.ر.ج,2024-09-16,فرع السراج,فرع 11 يونيو,posted,old_id=210000025,210000025
f1264f2d-fcbf-0df3-6264-904dd7c174fd,تحويل :0000 -س.ر.ج,2024-09-16,مخزن جنزور,فرع السراج,posted,old_id=210000023,210000023
bb6cea8a-72b1-fe2a-6df9-8379aa5d42c0,تحويل :0000 -س.ر.ج,2024-09-11,فرع السراج,فرع 11 يونيو,posted,old_id=210000022,210000022
79613731-0c92-edbb-7350-2eea238e6b79,تحويل :0000 -س.ر.ج,2024-09-11,فرع 11 يونيو,فرع السراج,posted,old_id=210000021,210000021
6899ef99-679b-d158-e8db-d1a74de99294,تحويل :0000 -س.ر.ج,2024-09-08,فرع 11 يونيو,فرع السراج,posted,old_id=210000019,210000019
711e39e9-eb87-010f-c877-18e41e076f54,تحويل :0000 -س.ر.ج,2024-09-07,فرع 11 يونيو,فرع السراج,posted,old_id=210000018,210000018
693e2f9b-42b4-8fd5-9a39-b0f09b958e1a,تحويل :0000 -س.ر.ج,2024-09-07,فرع السراج,فرع 11 يونيو,posted,old_id=210000017,210000017
ec746e65-6aa4-3d72-0e9d-ee9ecee1ca9f,تحويل :0000 -س.ر.ج,2024-09-07,فرع 11 يونيو,فرع السراج,posted,old_id=210000016,210000016
9e2d9b42-8400-c1ec-cd71-2c30fecb9aff,تحويل :0000 -س.ر.ج,2024-09-04,مخزن جنزور,فرع السراج,posted,old_id=210000015,210000015
9f513352-43e8-4aff-9144-cf1ae3323d7c,تحويل :0000 -س.ر.ج,2024-09-01,فرع السراج,فرع 11 يونيو,posted,old_id=210000014,210000014
364db14e-33fe-319f-468f-0e5d91c5943a,تحويل :0000 -س.ر.ج,2024-08-29,فرع السراج,فرع 11 يونيو,posted,old_id=210000013,210000013
083d1494-cfc9-5bef-75e2-263c380c4808,تحويل :0000 -س.ر.ج,2024-08-25,فرع السراج,فرع 11 يونيو,posted,old_id=210000012,210000012
e2e6ffc9-1ebe-d8a6-72e4-63e39f9a2be4,TR0002,2024-08-11,فرع السراج,فرع 11 يونيو,posted,old_id=210000011,210000011
5fc95ce6-6c2b-7010-88a5-976deaf00174,TR0000,2024-07-29,فرع السراج,فرع 11 يونيو,posted,old_id=210000006 | مسطرة دوش لاد مع خلاط ذهبي,210000006
b2e31587-10eb-b4b9-1528-03669e966e6c,تحويل :0000 -س.ر.ج,2024-09-19,مخزن جنزور,فرع السراج,posted,old_id=210000026,210000026
b461a4b6-dd41-891d-15de-e74893d6c01d,تحويل :0000 -س.ر.ج,2024-09-21,فرع السراج,فرع 11 يونيو,posted,old_id=210000027,210000027
4fefcf40-5019-4c3c-a230-4ce2841e0b25,تحويل :0000 -س.ر.ج,2024-09-22,مخزن جنزور,فرع السراج,posted,old_id=210000028,210000028
e6e66e98-c818-5c5e-52d9-c3c3999dd68e,تحويل :0000 -س.ر.ج,2024-09-22,مخزن جنزور,فرع السراج,posted,old_id=210000029,210000029
9f8e82e2-2ae0-3252-5b52-62d43add8980,تحويل :0000 -س.ر.ج,2024-09-23,فرع السراج,فرع 11 يونيو,posted,old_id=210000031,210000031
be5172ac-8d62-0603-9985-99af7108d950,تحويل :0001 -س.ر.ج,2024-09-24,فرع السراج,فرع 11 يونيو,posted,old_id=210000032,210000032
1fe24115-574b-c55c-ff37-dc7a8eca8410,تحويل :0001 -س.ر.ج,2024-09-26,فرع 11 يونيو,فرع السراج,posted,old_id=210000033,210000033
ad9346b6-ba80-6556-b0a0-fdbda52c87bf,تحويل :0001 -س.ر.ج,2024-09-28,فرع السراج,فرع 11 يونيو,posted,old_id=210000034,210000034
b96bfdca-51ff-c6eb-dcb8-9d9c78cfed90,تحويل :0001 -س.ر.ج,2024-09-29,فرع السراج,فرع 11 يونيو,posted,old_id=210000035,210000035
c0e83db5-4939-1329-e2e0-ba67412d1b16,تحويل :0001 -س.ر.ج,2024-10-01,فرع 11 يونيو,فرع السراج,posted,old_id=210000036,210000036
441d2399-b168-0b8d-b283-df01af0683fd,تحويل :0001 -س.ر.ج,2024-10-01,فرع السراج,فرع 11 يونيو,posted,old_id=210000037,210000037
faf24908-5000-c569-9891-945de1610b19,تحويل :0001 -س.ر.ج,2024-10-01,فرع السراج,فرع 11 يونيو,posted,old_id=210000038,210000038
f78f8a24-914d-c221-2e6a-1ab9aefc68aa,تحويل :0001 -س.ر.ج,2024-10-01,فرع 11 يونيو,فرع السراج,posted,old_id=210000040,210000040
8cd0bf01-f577-de79-60ed-6a634e7b443c,تحويل :0001 -س.ر.ج,2024-10-07,مخزن جنزور,فرع السراج,posted,old_id=210000041,210000041
e83ee3df-b70d-d5d7-e2c3-87af96033fc6,تحويل :0167 -س.ر.ج,2026-05-07,فرع السراج,فرع 11 يونيو,posted,old_id=210000245,210000245
30b1be0d-d380-be9b-e344-106402ee9537,تحويل :0075 -ين,2025-08-16,فرع 11 يونيو,فرع السراج,posted,old_id=310000108,310000108
e5757168-88ab-9493-1b79-01b87d38057e,تحويل :0000 -ين,2024-10-15,فرع 11 يونيو,فرع السراج,posted,old_id=310000008 | TOREMA,310000008
01760e45-13a3-787c-f661-f21e85bf9a07,تحويل :0000 -ين,2024-10-15,فرع 11 يونيو,فرع السراج,posted,old_id=310000007 | شيزا,310000007
09b79d27-4920-067b-684e-551a58a32b71,تحويل :0000 -ين,2024-10-27,فرع 11 يونيو,فرع السراج,posted,old_id=310000014 | خرج شطاف مربع بالعلاقة أسود,310000014
c87dfc02-6b09-44f0-9c6b-366ea9842486,تحويل :0000 -ين,2024-10-21,فرع 11 يونيو,فرع السراج,posted,old_id=310000011 | مخرج شطاف كروم,310000011
5eb9636f-7e0a-ba36-a10a-b1c22584cf68,تحويل :0000 -س.ر.ج,2024-09-16,فرع السراج,فرع 11 يونيو,posted,old_id=210000024,210000024
49f4a201-a101-91b8-0543-c0f650bcddcd,تحويل :0001 -س.ر.ج,2024-10-01,فرع 11 يونيو,فرع السراج,posted,old_id=210000039,210000039
47a949a7-8b28-ea16-518b-a9479775b168,تحويل :0020 -س.ر.ج,2025-01-25,فرع السراج,فرع 11 يونيو,posted,old_id=210000095,210000095
73b32399-d63a-8c82-25fb-b1526781bdfc,تحويل :0022 -س.ر.ج,2025-01-26,فرع السراج,فرع 11 يونيو,posted,old_id=210000097,210000097
b4c1df1a-8022-b19d-0b82-cca90ba0f055,تحويل :0003 -س.ر.ج,2024-11-11,مخزن جنزور,فرع السراج,posted,old_id=210000064,210000064
e80b793c-f24a-5dfe-6f13-cc13f33ae440,تحويل :0153 -س.ر.ج,2026-04-18,مخزن جنزور,فرع السراج,posted,old_id=210000231,210000231
e788a6b6-7b17-9d53-4c6a-9b1e735b793c,تحويل :0001 -س.ر.ج,2024-10-07,مخزن جنزور,فرع السراج,posted,old_id=210000042,210000042
c57d8f33-047e-d0eb-9c0c-01eef5d7561a,تحويل :0001 -س.ر.ج,2024-10-12,فرع السراج,فرع 11 يونيو,posted,old_id=210000043,210000043
94bfc402-072d-e3f8-16c4-ea0ea4092e87,تحويل :0001 -س.ر.ج,2024-10-13,مخزن جنزور,فرع السراج,posted,old_id=210000044,210000044
2d58965a-cce1-09de-ab91-bd06771c5e12,تحويل :0001 -س.ر.ج,2024-10-15,فرع السراج,فرع 11 يونيو,posted,old_id=210000045,210000045
245b7672-f7fd-e26f-f18d-c8ee7dd6e30e,تحويل :0001 -س.ر.ج,2024-10-28,فرع السراج,فرع 11 يونيو,posted,old_id=210000046,210000046
82132f62-0da3-8dd0-f56e-b39192ab6b73,تحويل :0001 -س.ر.ج,2024-10-28,فرع السراج,فرع 11 يونيو,posted,old_id=210000047,210000047
c5642f02-3648-12e7-9270-8d67634b9497,تحويل :0001 -س.ر.ج,2024-10-28,فرع السراج,فرع 11 يونيو,posted,old_id=210000048,210000048
e65e890e-567c-9a94-e3b0-08a4d14a6f56,تحويل :0001 -س.ر.ج,2024-10-28,فرع السراج,فرع 11 يونيو,posted,old_id=210000049,210000049
da61f9d2-0f42-ff89-c2f8-d3e89b220010,تحويل :0001 -س.ر.ج,2024-10-28,فرع السراج,فرع 11 يونيو,posted,old_id=210000050,210000050
c2cdde6d-1a01-eb2d-6c7a-44e50a43b0cc,تحويل :0001 -س.ر.ج,2024-10-28,فرع السراج,فرع 11 يونيو,posted,old_id=210000051,210000051
e4014bff-af72-7873-f676-79ab3b0ee2cd,تحويل :0001 -س.ر.ج,2024-10-12,فرع السراج,فرع 11 يونيو,posted,old_id=210000052 | FACTURE 202410,210000052
157ed1b9-5ea2-8c09-e70c-1f072bf9355f,تحويل :0001 -س.ر.ج,2024-10-30,فرع السراج,فرع 11 يونيو,posted,old_id=210000053,210000053
07853c65-44f4-5446-3888-b9d9116f1957,تحويل :0001 -س.ر.ج,2024-10-31,فرع السراج,فرع 11 يونيو,posted,old_id=210000054,210000054
cb3c1be1-a545-9bf9-7fb3-89a56280042a,تحويل :0001 -س.ر.ج,2024-11-04,فرع السراج,فرع 11 يونيو,posted,old_id=210000055,210000055
f558499f-d03e-7cc5-2468-883f101cb347,تحويل :0001 -س.ر.ج,2024-11-04,فرع السراج,فرع 11 يونيو,posted,old_id=210000056,210000056
75b0509a-c6f2-bab0-b599-09ef0bc02f60,تحويل :0001 -س.ر.ج,2024-11-05,مخزن جنزور,فرع السراج,posted,old_id=210000058,210000058
3dbd20e7-d01e-0e40-cc16-abe258fb8516,تحويل :0001 -س.ر.ج,2024-11-05,فرع السراج,فرع 11 يونيو,posted,old_id=210000057,210000057
175ab378-f895-0df3-1662-53036e7d60e0,تحويل :0002 -س.ر.ج,2024-11-07,فرع السراج,فرع 11 يونيو,posted,old_id=210000060,210000060
0476d063-bca2-af60-2bf5-a9a3121fd713,تحويل :0017 -س.ر.ج,2025-01-19,فرع السراج,فرع 11 يونيو,posted,old_id=210000092,210000092
cf43ff41-6138-3fe3-c1c6-e254d7c45f68,تحويل :0019 -س.ر.ج,2025-01-23,فرع السراج,فرع 11 يونيو,posted,old_id=210000094,210000094
d45b5db4-fda5-2675-3a7c-833e1d300c20,تحويل :0021 -ين,2025-03-16,فرع 11 يونيو,فرع السراج,posted,old_id=310000053,310000053
44212860-b694-a4d7-30d8-47f2f51254fe,تحويل :0000 -ين,2024-10-17,فرع 11 يونيو,فرع السراج,posted,old_id=310000009 | توريما,310000009
1fe811d3-0b63-9c86-9b07-de31322eb511,تحويل :0126 -ين,2026-02-11,فرع 11 يونيو,فرع السراج,posted,old_id=310000159,310000159
03675c36-aee3-09ec-22a0-9c737f0a7a7d,تحويل :0000 -ين,2024-10-24,فرع 11 يونيو,فرع السراج,posted,old_id=310000013 | شطاف ظغط دائري مع طوبو كروم,310000013
56bb6928-4ed7-67b4-d0e5-d943c31e5177,تحويل :0001 -ين,2024-11-17,فرع 11 يونيو,فرع السراج,posted,old_id=310000021 | ARSB80106,310000021
5861e2b7-2ce8-2f90-c4ca-4f0846754e70,تحويل :0001 -ين,2024-11-19,فرع 11 يونيو,فرع السراج,posted,old_id=310000023,310000023
e411bab5-2150-0a00-2bbe-78c71f3d0ef3,تحويل :0400 -ين,2024-12-05,فرع 11 يونيو,فرع السراج,posted,old_id=310000027,310000027
94863ddf-b4f7-4566-cd48-87332e60b05f,تحويل :0041 -ين,2025-05-07,فرع 11 يونيو,فرع السراج,posted,old_id=310000073,310000073
5e83dd75-b33f-e8e2-a562-9380b6235c4e,تحويل :0043 -ين,2025-05-10,فرع 11 يونيو,فرع السراج,posted,old_id=310000075,310000075
a791ea66-2675-c681-c55e-67ef478687ad,تحويل :0045 -ين,2025-05-11,مخزن جنزور,فرع 11 يونيو,posted,old_id=310000077,310000077
04c2ef03-4e8c-33fd-6b25-dece36256cc8,تحويل :0065 -ين,2025-06-30,فرع 11 يونيو,فرع السراج,posted,old_id=310000097,310000097
1aeff939-6924-8041-44ae-c632b3cb5155,تحويل :0057 -ين,2025-06-16,مخزن جنزور,فرع 11 يونيو,posted,old_id=310000089,310000089
83074253-9d13-30b6-129a-fd3d7a04d053,تحويل :0090 -ين,2025-10-30,مخزن جنزور,فرع 11 يونيو,posted,old_id=310000123,310000123
9a3a665c-45c6-1946-b40c-6017b2bd05e2,تحويل :0013 -ين,2025-02-09,فرع 11 يونيو,فرع السراج,posted,old_id=310000045,310000045
1394d0bd-b774-c8a5-d7f7-451ca16ac075,تحويل :0049 -ين,2025-05-24,مخزن جنزور,فرع 11 يونيو,posted,old_id=310000081,310000081
dcedc474-4fd9-d8d8-1878-70bb6e98f18e,تحويل :0050 -ين,2025-05-27,مخزن جنزور,فرع 11 يونيو,posted,old_id=310000082,310000082
7c0b06dc-ce63-2cab-421f-bd1b3199ce6b,تحويل :0051 -ين,2025-05-27,فرع 11 يونيو,فرع السراج,posted,old_id=310000083,310000083
c312d09a-5281-039e-17c4-7d744d580a14,تحويل :0063 -ين,2025-06-25,فرع 11 يونيو,فرع السراج,posted,old_id=310000095,310000095
c21fd096-06fd-8c7d-079a-77e98fa46085,تحويل :0027 -س.ر.ج,2025-02-15,فرع السراج,فرع 11 يونيو,posted,old_id=210000102,210000102
4df5beee-4219-21cc-8884-1c694ef132ee,تحويل :0029 -س.ر.ج,2025-02-17,فرع السراج,فرع 11 يونيو,posted,old_id=210000104,210000104
dfb82425-15e3-c2ed-1cdd-96bf7cdb045d,تحويل :0214 -س.ر.ج,2024-11-23,مخزن جنزور,فرع السراج,posted,old_id=210000073,210000073
46409fea-9824-7925-a710-d7e23fd32a3a,تحويل :0003 -س.ر.ج,2024-11-12,مخزن جنزور,فرع السراج,posted,old_id=210000067,210000067
db144274-34ba-0139-ad66-3cde57b1b713,تحويل :0030 -س.ر.ج,2025-02-23,مخزن جنزور,فرع السراج,posted,old_id=210000105,210000105
252ea9f4-8a3a-c415-e0d6-730d1c1ad0b0,تحويل :0034 -س.ر.ج,2025-03-19,مخزن جنزور,فرع السراج,posted,old_id=210000109,210000109
232bb3ec-b4cb-52be-52c4-0674458a88d0,تحويل :0021 -س.ر.ج,2025-01-25,فرع السراج,فرع 11 يونيو,posted,old_id=210000096,210000096
009db728-9d6a-beef-08f8-d27fb6af0d48,تحويل :0003 -س.ر.ج,2024-11-09,فرع السراج,فرع 11 يونيو,posted,old_id=210000062,210000062
7baa7a52-3756-bdb0-7f41-bbefef2e9fdd,تحويل :0003 -س.ر.ج,2024-11-10,فرع السراج,فرع 11 يونيو,posted,old_id=210000063,210000063
8e3ad6c8-4c8c-05c2-d84a-0dfa6da98020,تحويل :0003 -س.ر.ج,2024-11-12,فرع السراج,فرع 11 يونيو,posted,old_id=210000065,210000065
961ce32e-558f-abbc-2e86-9030e200db0f,تحويل :0003 -س.ر.ج,2024-11-12,فرع السراج,فرع 11 يونيو,posted,old_id=210000066,210000066
29a4abe9-a042-9be6-2da7-16ad5e612ae9,تحويل :0003 -س.ر.ج,2024-11-16,فرع السراج,فرع 11 يونيو,posted,old_id=210000068,210000068
77f06129-10ce-9128-5b9d-bfc249f7c1e6,تحويل :0004 -س.ر.ج,2024-11-16,فرع السراج,فرع 11 يونيو,posted,old_id=210000069,210000069
96d4722e-e4b2-544c-20ba-bf8d2a14388b,تحويل :0009 -س.ر.ج,2024-09-10,فرع 11 يونيو,فرع السراج,posted,old_id=210000020,210000020
cde660b6-c545-74b8-ad7c-5e9ee2549362,تحويل :0025 -س.ر.ج,2025-02-09,فرع السراج,فرع 11 يونيو,posted,old_id=210000100,210000100
416ee0c1-9783-da0e-c85c-0e07a5ca5549,تحويل :0026 -س.ر.ج,2025-02-11,فرع السراج,فرع 11 يونيو,posted,old_id=210000101,210000101
4cc93fd5-fedf-4429-3307-cc20041a4815,تحويل :0400 -ين,2024-12-05,فرع 11 يونيو,فرع السراج,posted,old_id=310000026,310000026
29c8d102-93de-39b7-ea2c-351e369b4a11,تحويل :0068 -ين,2025-07-05,فرع 11 يونيو,فرع السراج,posted,old_id=310000100,310000100
2a2f580f-4b4a-2973-eac3-f11e11cef111,تحويل :0067 -ين,2025-07-03,فرع 11 يونيو,فرع السراج,posted,old_id=310000099,310000099
ffe17a5b-1efa-f7f1-7323-6095ec30b69c,تحويل :0066 -ين,2025-07-01,مخزن جنزور,فرع 11 يونيو,posted,old_id=310000098,310000098
3e0beecc-879f-aa32-561e-f3528c0dc56d,تحويل :0052 -ين,2025-05-29,فرع 11 يونيو,فرع السراج,posted,old_id=310000084,310000084
717024b1-ad24-5f96-5ed4-35e6451a970b,تحويل :0056 -ين,2025-06-16,مخزن جنزور,فرع 11 يونيو,posted,old_id=310000088,310000088
ac048824-8f32-9480-14f2-4ddc9e7addad,تحويل :0058 -ين,2025-06-18,فرع 11 يونيو,فرع السراج,posted,old_id=310000090,310000090
e4510a43-506e-aa3e-ca5e-cbf28c808198,تحويل :0152 -ين,2026-04-19,مخزن جنزور,فرع 11 يونيو,posted,old_id=310000185,310000185
0076070a-8404-e4c5-6911-bdb72bbdab7c,تحويل :0104 -ين,2025-12-21,فرع 11 يونيو,فرع السراج,posted,old_id=310000136,310000136
82d72c30-14ee-dd5c-ddb4-20e115821cf0,تحويل :0105 -ين,2025-12-30,فرع 11 يونيو,فرع السراج,posted,old_id=310000137,310000137
88ef9542-9000-890c-5c16-5e6cf723b84f,تحويل :0101 -ين,2025-12-16,فرع 11 يونيو,فرع السراج,posted,old_id=310000133,310000133
e55a3d9b-1b91-2742-a866-6f79b4552867,تحويل :0128 -ين,2026-02-17,فرع 11 يونيو,فرع السراج,posted,old_id=310000161,310000161
648dcf89-83ff-05e6-15ab-89fd748ee702,تحويل :0154 -ين,2026-04-21,فرع 11 يونيو,فرع السراج,posted,old_id=310000187,310000187
1145b758-eb8e-406d-964c-468c49c8c87a,تحويل :0103 -ين,2025-12-18,فرع 11 يونيو,فرع السراج,posted,old_id=310000135,310000135
f217afac-ece8-2617-7fa3-fc8fbfed65f9,تحويل :0006 -ين,2025-01-12,فرع 11 يونيو,فرع السراج,posted,old_id=310000037,310000037
6bf04d28-6ca9-1c57-5681-37f6d2e1ff04,تحويل :0007 -ين,2025-01-21,فرع 11 يونيو,فرع السراج,posted,old_id=310000038,310000038
dc2e36ee-427d-1fe7-a4e1-5b91a4866ae4,تحويل :0008 -ين,2025-01-26,فرع 11 يونيو,فرع السراج,posted,old_id=310000039,310000039
5ad6800b-cdb7-ec5e-fc6a-5cf60299f2c0,تحويل :0004 -س.ر.ج,2024-11-20,فرع السراج,فرع 11 يونيو,posted,old_id=210000070,210000070
4a99b02d-050c-ab73-18ac-e9d0e266208e,تحويل :0004 -س.ر.ج,2024-11-21,فرع 11 يونيو,فرع السراج,posted,old_id=210000071,210000071
6cc337f7-76bd-e953-0bd6-7dadeebf4892,تحويل :0004 -س.ر.ج,2024-11-21,فرع السراج,فرع 11 يونيو,posted,old_id=210000072,210000072
76b5940a-a35c-ec8e-23f5-1ab2722e34d3,تحويل :0004 -س.ر.ج,2024-11-24,فرع السراج,فرع 11 يونيو,posted,old_id=210000074,210000074
5697f994-330e-e3fe-4757-a374feae28e4,تحويل :0004 -س.ر.ج,2024-11-26,فرع السراج,فرع 11 يونيو,posted,old_id=210000075,210000075
5802457d-a9c0-2b40-8085-c3615574133c,تحويل :0004 -س.ر.ج,2024-11-26,فرع السراج,فرع 11 يونيو,posted,old_id=210000076,210000076
678eb64f-bff7-90da-a558-524ddb3df673,تحويل :0004 -س.ر.ج,2024-12-01,فرع السراج,فرع 11 يونيو,posted,old_id=210000077,210000077
4a3f1d7c-c8d5-46a1-7e10-0f4d73439db7,تحويل :0004 -س.ر.ج,2024-12-08,فرع السراج,فرع 11 يونيو,posted,old_id=210000078,210000078
d353e153-0773-bdbd-ee5c-6670f696072f,تحويل :0005 -س.ر.ج,2024-12-11,فرع السراج,فرع 11 يونيو,posted,old_id=210000079,210000079
109faa27-628c-442e-4fe8-f795972d8f7f,تحويل :0006 -س.ر.ج,2024-12-11,فرع السراج,فرع 11 يونيو,posted,old_id=210000080,210000080
bfe32f4d-d76e-280f-de2e-771319542196,تحويل :0008 -س.ر.ج,2024-12-14,فرع 11 يونيو,فرع السراج,posted,old_id=210000082,210000082
bcd7eb35-ae58-949b-0504-4a3699dc362b,تحويل :0009 -س.ر.ج,2024-12-15,فرع السراج,فرع 11 يونيو,posted,old_id=210000083,210000083
65093b34-b010-ed2e-5c40-193d6b40bb16,تحويل :0010 -س.ر.ج,2024-12-15,فرع السراج,فرع 11 يونيو,posted,old_id=210000084,210000084
30cd21c6-27bb-31cc-5614-f95c6c7b5bc3,تحويل :0007 -س.ر.ج,2024-12-14,فرع السراج,فرع 11 يونيو,posted,old_id=210000081,210000081
54536b9a-928b-1b6b-f26d-9f83961df6b9,تحويل :0011 -س.ر.ج,2024-12-23,فرع السراج,فرع 11 يونيو,posted,old_id=210000085,210000085
847b2b2a-71fe-0312-b994-c60b52a5c527,تحويل :0012 -س.ر.ج,2024-12-31,فرع السراج,فرع 11 يونيو,posted,old_id=210000086,210000086
55bd700f-9c13-a4cb-3554-bf9d114d2d8f,تحويل :0024 -س.ر.ج,2025-02-03,فرع السراج,فرع 11 يونيو,posted,old_id=210000099,210000099
ea9493f3-f563-bac1-6a38-35c657a9e36d,تحويل :0001 -ين,2024-12-30,فرع 11 يونيو,فرع السراج,posted,old_id=310000031,310000031
8e0557fb-f160-ca8f-ad2e-118aa2112484,تحويل :0009 -ين,2025-01-27,فرع 11 يونيو,فرع السراج,posted,old_id=310000040,310000040
d33e3214-4cf9-8273-9e27-340d523cb19c,تحويل :0018 -ين,2025-03-05,مخزن جنزور,فرع 11 يونيو,posted,old_id=310000050,310000050
9d86c8ef-1e20-9392-c1d9-8b3a8889bef7,تحويل :0005 -ين,2025-01-12,فرع 11 يونيو,فرع السراج,posted,old_id=310000036,310000036
ec51d873-0eaa-4308-2216-65f4c734e640,تحويل :0010 -ين,2025-02-01,فرع 11 يونيو,فرع السراج,posted,old_id=310000041,310000041
089a3e06-2fe8-82a9-e5bf-8f3e1f53c887,تحويل :0153 -ين,2026-04-20,فرع 11 يونيو,فرع السراج,posted,old_id=310000186,310000186
537e828f-bc66-2fcd-e0de-dd735d02668e,تحويل :0135 -ين,2026-03-08,مخزن جنزور,فرع 11 يونيو,posted,old_id=310000168,310000168
4fa23589-59ad-3d3b-bf04-9c3020e9e8d7,تحويل :0115 -ين,2026-01-29,فرع 11 يونيو,فرع السراج,posted,old_id=310000147,310000147
078bc22b-45bd-2bb5-62e7-f2027c77e2d1,تحويل :0111 -ين,2026-01-21,فرع 11 يونيو,فرع السراج,posted,old_id=310000143,310000143
fd4e7927-47ab-638a-4eb7-a64c86a80ba4,تحويل :0155 -ين,2026-04-23,فرع 11 يونيو,فرع السراج,posted,old_id=310000188,310000188
fbe2b3d6-69dc-123d-74e7-eaa313188ec8,تحويل :0117 -ين,2026-02-02,مخزن جنزور,فرع 11 يونيو,posted,old_id=310000150,310000150
6e6a2aef-401b-0d19-217f-c384366e953c,تحويل :0113 -ين,2026-01-27,فرع 11 يونيو,فرع السراج,posted,old_id=310000145,310000145
74acde29-35fe-6cdc-b96f-42aab4cbd75d,تحويل :0080 -ين,2025-09-07,فرع 11 يونيو,فرع السراج,posted,old_id=310000113,310000113
2e170e07-4bb6-04c1-cf81-ba795cb8c305,تحويل :0035 -س.ر.ج,2025-03-22,فرع السراج,فرع 11 يونيو,posted,old_id=210000110,210000110
c24217e4-9000-f061-61c9-9d63983db5d5,تحويل :0036 -س.ر.ج,2025-03-23,فرع السراج,فرع 11 يونيو,posted,old_id=210000111,210000111
3be0a88f-f8df-135c-9093-5c1474b6faf2,تحويل :0037 -س.ر.ج,2025-03-26,مخزن جنزور,فرع السراج,posted,old_id=210000112,210000112
3a70583f-2b04-f3ba-207a-cb936d82c4f2,تحويل :0038 -س.ر.ج,2025-04-08,فرع السراج,فرع 11 يونيو,posted,old_id=210000113,210000113
5bdbd288-5379-af40-e058-fbf07c7637b2,تحويل :0039 -س.ر.ج,2025-04-09,فرع السراج,فرع 11 يونيو,posted,old_id=210000114,210000114
f7acbbfd-2511-14cd-cd2b-1e8b62c0daa2,تحويل :0041 -س.ر.ج,2025-04-13,فرع السراج,فرع 11 يونيو,posted,old_id=210000116,210000116
95045eb6-b551-c2ac-a5cf-daab0166b549,تحويل :0042 -س.ر.ج,2025-04-14,فرع السراج,فرع 11 يونيو,posted,old_id=210000117,210000117
751b6571-1f2f-26eb-f253-84da5ed5b44a,تحويل :0043 -س.ر.ج,2025-04-16,فرع السراج,فرع 11 يونيو,posted,old_id=210000118,210000118
32841d81-9646-08b8-a242-af9b7aeb4690,تحويل :0044 -س.ر.ج,2025-04-16,فرع السراج,فرع 11 يونيو,posted,old_id=210000119,210000119
c6396833-9093-d0e9-b3a6-4202e46bfcec,تحويل :0045 -س.ر.ج,2025-04-17,فرع السراج,فرع 11 يونيو,posted,old_id=210000120,210000120
782b565b-1f9b-e22d-c9d4-a32a9e54a41e,تحويل :0046 -س.ر.ج,2025-04-23,فرع السراج,فرع 11 يونيو,posted,old_id=210000121,210000121
4e7a36e0-a781-b28b-b320-b010a65feae4,تحويل :0047 -س.ر.ج,2025-04-23,فرع السراج,فرع 11 يونيو,posted,old_id=210000122,210000122
9640be2e-9140-3f27-24cf-694f4955b25f,تحويل :0048 -س.ر.ج,2025-04-26,فرع السراج,فرع 11 يونيو,posted,old_id=210000124,210000124
b7143a5b-5246-cf04-d73d-d2ed8214bf62,تحويل :0049 -س.ر.ج,2025-04-29,فرع السراج,فرع 11 يونيو,posted,old_id=210000125,210000125
62bf0385-3098-8bd7-e3b7-b76bb526f842,تحويل :0040 -س.ر.ج,2025-04-13,مخزن جنزور,فرع السراج,posted,old_id=210000115,210000115
71b39cda-aeb9-abb9-06eb-c73f27dded43,تحويل :0032 -س.ر.ج,2025-03-08,مخزن جنزور,فرع السراج,posted,old_id=210000107,210000107
8f6293eb-cee4-f1bb-3405-be6333e991e0,تحويل :0031 -س.ر.ج,2025-02-26,فرع السراج,فرع 11 يونيو,posted,old_id=210000106,210000106
2ff67535-6d29-711e-fd92-204f8553864e,تحويل :0033 -س.ر.ج,2025-03-13,فرع السراج,فرع 11 يونيو,posted,old_id=210000108,210000108
710ca69e-cefe-78cb-3431-24503a40abb0,تحويل :0148 -ين,2026-04-13,مخزن جنزور,فرع 11 يونيو,posted,old_id=310000181,310000181
d5578883-3e6c-5241-d50b-e2dc61ea1a32,تحويل :0042 -ين,2025-05-08,فرع 11 يونيو,فرع السراج,posted,old_id=310000074,310000074
f1af39bb-084b-1d7b-20bb-fbb97e6893e7,تحويل :0094 -ين,2025-11-20,فرع 11 يونيو,فرع السراج,posted,old_id=310000127,310000127
9276e923-81a4-9f96-64f2-5bf51af3fe5e,تحويل :0069 -ين,2025-07-06,فرع 11 يونيو,فرع السراج,posted,old_id=310000101,310000101
9b67e565-8b7c-c765-b04e-3d739be8788e,تحويل :0061 -ين,2025-06-25,فرع 11 يونيو,فرع السراج,posted,old_id=310000093,310000093
eae81f39-e599-6b7b-075c-892232271601,تحويل :0108 -ين,2026-01-13,مخزن جنزور,فرع 11 يونيو,posted,old_id=310000140,310000140
7a3fd143-b1f3-7254-781d-58c5d5ba2537,تحويل :0062 -ين,2025-06-25,فرع 11 يونيو,فرع السراج,posted,old_id=310000094,310000094
2e1c620e-1812-c155-3bbb-aa7861794a6e,تحويل :0102 -ين,2025-12-17,فرع 11 يونيو,فرع السراج,posted,old_id=310000134,310000134
dba8941f-0aad-7f2a-559d-6f0d8c0f86f5,تحويل :0100 -ين,2025-12-03,مخزن جنزور,فرع 11 يونيو,posted,old_id=310000132,310000132
7bd875bb-0943-f50c-ca89-80f258d1b17a,تحويل :0119 -ين,2026-02-04,مخزن جنزور,فرع 11 يونيو,posted,old_id=310000152,310000152
3f6765d0-f824-b940-c525-5e0e41d1cf5e,تحويل :0122 -ين,2026-02-08,فرع 11 يونيو,فرع السراج,posted,old_id=310000155,310000155
71767f0d-d91f-101b-b8b4-8441ef0e7168,تحويل :0124 -ين,2026-02-08,فرع 11 يونيو,فرع السراج,posted,old_id=310000157,310000157
038e42d5-62cc-2d1a-8ebc-9c7d74ae5a32,تحويل :0127 -ين,2026-02-14,فرع 11 يونيو,فرع السراج,posted,old_id=310000160,310000160
6521fc60-6410-6124-8b1e-90ccf3373fb2,تحويل :0125 -ين,2026-02-08,فرع 11 يونيو,فرع السراج,posted,old_id=310000158,310000158
4989e878-0b21-7e07-ebeb-fdaa5e4bf146,تحويل :0151 -ين,2026-04-18,مخزن جنزور,فرع 11 يونيو,posted,old_id=310000184,310000184
7066989b-48fc-b246-6e66-6879526d1f10,تحويل :0146 -ين,2026-04-09,مخزن جنزور,فرع 11 يونيو,posted,old_id=310000179,310000179
fa1c742b-5e53-1bc9-3dd1-da7c773a0053,تحويل :0109 -ين,2026-01-15,فرع 11 يونيو,فرع السراج,posted,old_id=310000141,310000141
0d6b61db-940c-fa78-42c8-af88a386a9c6,تحويل :0123 -ين,2026-02-08,مخزن جنزور,فرع 11 يونيو,posted,old_id=310000156,310000156
5e027e3e-4746-5608-191a-a75ad8cf9cea,تحويل :0165 -ين,2026-05-03,مخزن جنزور,فرع 11 يونيو,posted,old_id=310000198,310000198
a06227d7-50ee-2b7d-a13f-743f9178ec1a,تحويل :0051 -س.ر.ج,2025-04-30,فرع السراج,فرع 11 يونيو,posted,old_id=210000127,210000127
c2e71f88-f606-0bea-b6c5-2828db67d946,تحويل :0053 -س.ر.ج,2025-05-18,فرع السراج,فرع 11 يونيو,posted,old_id=210000129,210000129
3575a123-0931-eccb-f590-78c8e573502d,تحويل :0054 -س.ر.ج,2025-05-19,فرع السراج,فرع 11 يونيو,posted,old_id=210000130,210000130
e5a7765b-79a2-f63f-cc67-5dbf0b25018e,تحويل :0056 -س.ر.ج,2025-05-22,مخزن جنزور,فرع السراج,posted,old_id=210000132,210000132
f8dd89e6-4f34-c12c-43db-16254ca80b1b,تحويل :0057 -س.ر.ج,2025-05-23,فرع السراج,فرع 11 يونيو,posted,old_id=210000133,210000133
3f32f9ea-9e8f-5539-3864-c85b55b88422,تحويل :0058 -س.ر.ج,2025-05-26,فرع السراج,فرع 11 يونيو,posted,old_id=210000134,210000134
c0830c73-7d7e-3041-cae8-755586a7fb7f,تحويل :0060 -س.ر.ج,2025-05-28,فرع السراج,فرع 11 يونيو,posted,old_id=210000136,210000136
d6c90f93-e2ce-9891-8a49-126fc0ce6028,تحويل :0061 -س.ر.ج,2025-05-29,فرع السراج,فرع 11 يونيو,posted,old_id=210000137,210000137
1a685f26-fccf-3c07-a872-b2bbdbf6c01f,تحويل :0062 -س.ر.ج,2025-05-29,مخزن جنزور,فرع السراج,posted,old_id=210000138,210000138
a32c62f1-e748-2bcc-7894-7f18b51b4c23,تحويل :0063 -س.ر.ج,2025-05-31,فرع السراج,فرع 11 يونيو,posted,old_id=210000139,210000139
70ae288e-a347-fe68-1b86-03894534e6ec,تحويل :0074 -س.ر.ج,2025-06-22,فرع السراج,فرع 11 يونيو,posted,old_id=210000150,210000150
0018ad55-ce16-8c49-4198-7f68ec625a98,تحويل :0055 -س.ر.ج,2025-05-20,مخزن جنزور,فرع السراج,posted,old_id=210000131,210000131
1937b8fa-ded5-615c-8938-2537c152bf28,تحويل :0140 -س.ر.ج,2026-02-15,مخزن جنزور,فرع السراج,posted,old_id=210000217,210000217
a402015a-2c78-2d2b-7846-9c70ff3cd05c,تحويل :0052 -س.ر.ج,2025-05-04,مخزن جنزور,فرع السراج,posted,old_id=210000128,210000128
ee6374bb-1aba-f1de-c86d-b35229fadb6e,تحويل :0107 -ين,2026-01-03,مخزن جنزور,فرع 11 يونيو,posted,old_id=310000139,310000139
f9dccbda-dd4d-0f06-e372-e458da30fed3,تحويل :0164 -ين,2026-05-02,فرع 11 يونيو,فرع السراج,posted,old_id=310000197,310000197
3ade30b4-de30-2847-7717-ea107880e367,تحويل :0114 -ين,2026-01-29,فرع 11 يونيو,فرع السراج,posted,old_id=310000146,310000146
4119f706-cfaf-2558-d660-e5614c0a9df6,تحويل :0083 -ين,2025-09-25,فرع 11 يونيو,فرع السراج,posted,old_id=310000116,310000116
69114255-2ebe-f6c9-ef0d-c8137144eb7a,تحويل :0089 -ين,2025-10-28,فرع 11 يونيو,فرع السراج,posted,old_id=310000122,310000122
a4f04466-e25d-2f6a-f3fb-1502f005a38a,تحويل :0086 -ين,2025-10-02,فرع 11 يونيو,فرع السراج,posted,old_id=310000119,310000119
249afebb-a84c-55a8-04ea-420582639d84,تحويل :0088 -ين,2025-10-20,فرع 11 يونيو,فرع السراج,posted,old_id=310000121,310000121
33f6f748-a71b-2996-7eec-0fa3fe42e596,تحويل :0093 -ين,2025-11-20,مخزن جنزور,فرع 11 يونيو,posted,old_id=310000126,310000126
f3a84f35-80c8-9f4d-3283-77db7889ed8d,تحويل :0092 -ين,2025-11-08,فرع 11 يونيو,فرع السراج,posted,old_id=310000125,310000125
706a161d-ac62-bb04-2e2c-54aad25ee6e8,تحويل :0091 -ين,2025-11-01,فرع 11 يونيو,فرع السراج,posted,old_id=310000124,310000124
84df313d-5bd2-7f13-c570-222bd38ee224,تحويل :0095 -ين,2025-11-20,فرع 11 يونيو,فرع السراج,posted,old_id=310000128,310000128
fda58ad6-59fe-3bd9-53ee-8083f5b20215,تحويل :0096 -ين,2025-11-26,مخزن جنزور,فرع 11 يونيو,posted,old_id=310000129,310000129
47be8274-a476-a584-fa68-55a7f5c65660,تحويل :0097 -ين,2025-11-30,مخزن جنزور,فرع 11 يونيو,posted,old_id=310000130,310000130
b51afe91-2dda-e667-815a-9608594cd306,تحويل :0013 -س.ر.ج,2025-01-08,فرع السراج,فرع 11 يونيو,posted,old_id=210000088,210000088
0a1b307c-120a-37af-41bb-f79b8a064390,تحويل :0014 -س.ر.ج,2025-01-08,فرع السراج,فرع 11 يونيو,posted,old_id=210000089,210000089
4f544975-a867-ad7f-85d8-8ffea6fa0bc3,تحويل :0067 -س.ر.ج,2025-06-15,فرع السراج,فرع 11 يونيو,posted,old_id=210000143,210000143
b1a74108-5b9b-68db-fa20-fd53b16ad7b1,تحويل :0084 -س.ر.ج,2025-07-10,فرع السراج,فرع 11 يونيو,posted,old_id=210000160,210000160
2d057492-ee31-13fe-fe5e-5af4bc17c988,تحويل :0015 -س.ر.ج,2025-01-09,فرع السراج,فرع 11 يونيو,posted,old_id=210000090,210000090
2753c7b7-6b8e-a928-37dd-c1e45a1490ad,تحويل :0069 -س.ر.ج,2025-06-16,فرع السراج,فرع 11 يونيو,posted,old_id=210000145,210000145
2c72027f-a491-5a15-6458-06405ace412c,تحويل :0075 -س.ر.ج,2025-06-23,فرع السراج,فرع 11 يونيو,posted,old_id=210000151,210000151
c848c066-648c-c296-5389-650956faeda0,تحويل :0068 -س.ر.ج,2025-06-16,مخزن جنزور,فرع السراج,posted,old_id=210000144,210000144
47b638dc-ecda-9e90-1d2f-dfdec2c9cb7a,تحويل :0077 -س.ر.ج,2025-06-25,فرع السراج,فرع 11 يونيو,posted,old_id=210000153,210000153
4eea58ff-9fb5-2668-f7db-acdf317ba8d9,تحويل :0078 -س.ر.ج,2025-06-28,فرع السراج,فرع 11 يونيو,posted,old_id=210000154,210000154
48706d4b-cd64-7cee-4a08-04e9a7cddeb8,تحويل :0080 -س.ر.ج,2025-07-03,فرع السراج,فرع 11 يونيو,posted,old_id=210000156,210000156
95c51645-d46f-ea3b-d2d3-66112e67a8d8,تحويل :0081 -س.ر.ج,2025-07-05,مخزن جنزور,فرع السراج,posted,old_id=210000157,210000157
917234ee-71e7-b674-ad14-11be06e2a272,تحويل :0082 -س.ر.ج,2025-07-08,فرع السراج,فرع 11 يونيو,posted,old_id=210000158,210000158
1bf7e8e8-3554-0514-82f0-d2eb4633c55c,تحويل :0083 -س.ر.ج,2025-07-10,فرع السراج,فرع 11 يونيو,posted,old_id=210000159,210000159
b668ecc1-1917-1883-6c14-aa5bb7657dae,تحويل :0085 -س.ر.ج,2025-07-14,فرع السراج,فرع 11 يونيو,posted,old_id=210000161,210000161
3e305e55-29cd-570f-31db-96de472321d1,تحويل :0088 -س.ر.ج,2025-07-21,فرع السراج,فرع 11 يونيو,posted,old_id=210000164,210000164
3baf8451-ca62-6509-9587-e31f5e63563e,تحويل :0059 -س.ر.ج,2025-05-26,مخزن جنزور,فرع السراج,posted,old_id=210000135,210000135
e99b25ba-0508-a409-80f7-e62f009efad8,تحويل :0089 -س.ر.ج,2025-07-28,مخزن جنزور,فرع السراج,posted,old_id=210000165,210000165
b647c4bb-9627-9c73-d29f-6ec50086c1aa,تحويل :0091 -س.ر.ج,2025-08-04,مخزن جنزور,فرع السراج,posted,old_id=210000167,210000167
004012df-14c0-bcc8-ad9b-375ddde2402f,تحويل :0154 -س.ر.ج,2026-04-18,فرع السراج,فرع 11 يونيو,posted,old_id=210000232,210000232
89c1e2cb-7ace-c373-903c-78b1402b991b,تحويل :0064 -س.ر.ج,2025-06-01,مخزن جنزور,فرع السراج,posted,old_id=210000140,210000140
b5f6e911-1b0b-0d60-632c-b66a607dac48,تحويل :0071 -ين,2025-07-16,مخزن جنزور,فرع 11 يونيو,posted,old_id=310000104,310000104
c5af9d5a-7126-03b1-3dad-019c1395945b,تحويل :0072 -ين,2025-07-29,فرع 11 يونيو,فرع السراج,posted,old_id=310000105,310000105
d56740d5-fc59-67f6-ad40-aa8688e6fc90,تحويل :0070 -ين,2025-07-16,فرع 11 يونيو,فرع السراج,posted,old_id=310000103,310000103
778cbe10-d474-fdec-2d90-8ac770dc13ee,تحويل :0064 -ين,2025-06-25,فرع 11 يونيو,فرع السراج,posted,old_id=310000096,310000096
a75ea6da-97fb-d92c-442d-19ebd70dba16,تحويل :0073 -ين,2025-08-02,فرع 11 يونيو,فرع السراج,posted,old_id=310000106,310000106
82f8ce37-05e5-cde6-61f7-8207d4f2313d,تحويل :0000 -ين,2024-10-18,فرع 11 يونيو,فرع السراج,posted,old_id=310000010 | رأس سيفوني حوض الوجه طويل أسود,310000010
d9633700-5724-70fb-3afa-1fd61edf8a2d,تحويل :0163 -ين,2026-04-28,فرع 11 يونيو,فرع السراج,posted,old_id=310000196,310000196
69c04dec-3db3-1f6c-cd3b-1973a71cf3b3,تحويل :0138 -ين,2026-03-18,فرع 11 يونيو,فرع السراج,posted,old_id=310000171,310000171
945d6b31-34f7-c940-e252-7fb6a6548a17,تحويل :0012 -ين,2025-02-06,فرع 11 يونيو,فرع السراج,posted,old_id=310000044,310000044
ef236cc2-84de-c2f9-13bc-3aaa7898a9c1,تحويل :0144 -ين,2026-04-06,مخزن جنزور,فرع 11 يونيو,posted,old_id=310000177,310000177
502ec43d-ab6f-3ca1-2f6b-31ddc54ce58c,تحويل :0098 -ين,2025-11-30,فرع 11 يونيو,فرع السراج,posted,old_id=310000131,310000131
75a9b8d7-3bae-27ac-0205-71cccfb458e5,تحويل :0136 -ين,2026-03-08,فرع 11 يونيو,فرع السراج,posted,old_id=310000169,310000169
81bce375-b58c-b5aa-b11d-177fa91d32cd,تحويل :0066 -س.ر.ج,2025-06-04,فرع السراج,فرع 11 يونيو,posted,old_id=210000142,210000142
8398cb79-4aa3-0e9b-e5c9-7de602814621,تحويل :0072 -س.ر.ج,2025-06-18,فرع السراج,فرع 11 يونيو,posted,old_id=210000148,210000148
509c2d8b-2648-1750-7f4a-ed64d53b7251,تحويل :0073 -س.ر.ج,2025-06-21,مخزن جنزور,فرع السراج,posted,old_id=210000149,210000149
2e5cd960-019e-6530-b5db-85e544abd2c6,تحويل :0076 -س.ر.ج,2025-06-23,فرع السراج,فرع 11 يونيو,posted,old_id=210000152,210000152
c48dfd16-f6dd-9d80-c928-6bb8486ba249,تحويل :0121 -س.ر.ج,2025-12-06,فرع السراج,فرع 11 يونيو,posted,old_id=210000198,210000198
51122860-da98-3c3e-1123-6334766cea2c,تحويل :0142 -س.ر.ج,2026-02-18,فرع السراج,فرع 11 يونيو,posted,old_id=210000219,210000219
c9dc40a7-da50-722f-541d-6f7696c106bd,تحويل :0155 -س.ر.ج,2026-04-20,مخزن جنزور,فرع السراج,posted,old_id=210000233,210000233
f9605e67-47d9-9664-66fc-7acfb7ffb249,تحويل :0071 -س.ر.ج,2025-06-17,مخزن جنزور,فرع السراج,posted,old_id=210000147,210000147
77112faa-6b51-d081-61ea-72e3938d24a3,تحويل :0087 -س.ر.ج,2025-07-17,فرع السراج,فرع 11 يونيو,posted,old_id=210000163,210000163
98897bd4-e294-d28c-808d-8077cc9686b0,تحويل :0090 -س.ر.ج,2025-07-31,فرع السراج,فرع 11 يونيو,posted,old_id=210000166,210000166
f27b18da-aee5-2668-fef1-8ef74518a3d3,تحويل :0092 -س.ر.ج,2025-08-05,فرع السراج,فرع 11 يونيو,posted,old_id=210000168,210000168
5f0bf752-6623-d534-9815-03cd80a3a1d9,تحويل :0093 -س.ر.ج,2025-08-09,فرع السراج,فرع 11 يونيو,posted,old_id=210000169,210000169
fe406177-762f-5313-766e-5a04b87d10bf,تحويل :0094 -س.ر.ج,2025-08-25,فرع السراج,فرع 11 يونيو,posted,old_id=210000170,210000170
fb9ef6fa-23b5-8151-eecd-3a89d32b9061,تحويل :0095 -س.ر.ج,2025-08-26,مخزن جنزور,فرع السراج,posted,old_id=210000171,210000171
357ec3e5-e785-c9bb-130f-b2966526a2fe,تحويل :0096 -س.ر.ج,2025-08-31,فرع السراج,فرع 11 يونيو,posted,old_id=210000172,210000172
1f289607-4188-d7fa-fafb-3d2e0112cf22,تحويل :0097 -س.ر.ج,2025-09-04,فرع السراج,فرع 11 يونيو,posted,old_id=210000173,210000173
b948695a-3b0e-7345-2b50-28647ccd1d94,تحويل :0098 -س.ر.ج,2025-09-07,فرع السراج,فرع 11 يونيو,posted,old_id=210000174,210000174
7771fdaf-eaca-5189-fd9e-f9f4e2807479,تحويل :0099 -س.ر.ج,2025-09-16,مخزن جنزور,فرع السراج,posted,old_id=210000175,210000175
3ff54ba4-9913-18df-dc00-55fb0b378de5,تحويل :0144 -س.ر.ج,2026-02-21,فرع السراج,فرع 11 يونيو,posted,old_id=210000221,210000221
b939065f-ec23-0b90-df39-aa9ac45dd506,تحويل :0156 -س.ر.ج,2026-04-20,مخزن جنزور,فرع السراج,posted,old_id=210000234,210000234
dde368aa-7536-b268-db9a-dcfbfeecf7e9,تحويل :0168 -ين,2026-05-07,فرع 11 يونيو,فرع السراج,posted,old_id=310000201 | 4 طروف مشاو لالزبون فاتورة السراج,310000201
6774e8f0-a31e-a7df-2e24-98ae53392473,تحويل :0000 -ين,2024-10-30,فرع 11 يونيو,فرع السراج,posted,old_id=310000015 | شطاف ظغط مربع مع طوبو ذهبي,310000015
9be01f77-fd99-d4c1-4e5a-2a18ac640e3a,تحويل :0124 -س.ر.ج,2025-12-21,فرع السراج,فرع 11 يونيو,posted,old_id=210000201,210000201
875913bd-9343-804c-399c-fab258968cfe,تحويل :0126 -س.ر.ج,2025-12-28,فرع السراج,فرع 11 يونيو,posted,old_id=210000203,210000203
f1d13733-bc3c-0086-24a4-72801a1228d6,تحويل :0102 -س.ر.ج,2025-09-23,فرع السراج,فرع 11 يونيو,posted,old_id=210000178,210000178
2e61e079-81bc-d70e-9be7-536533034f55,تحويل :0127 -س.ر.ج,2025-12-29,فرع السراج,فرع 11 يونيو,posted,old_id=210000204,210000204
54a685aa-84eb-0f45-a7bd-956ef1c56be8,تحويل :0103 -س.ر.ج,2025-09-27,فرع السراج,فرع 11 يونيو,posted,old_id=210000179,210000179
bf6521e3-ca6e-4389-9d23-d7531c7bbe2c,تحويل :0105 -س.ر.ج,2025-10-04,مخزن جنزور,فرع السراج,posted,old_id=210000181,210000181
43947afb-bb87-1e45-b58d-b9bbda6f2097,تحويل :0076 -ين,2025-08-16,فرع 11 يونيو,فرع السراج,posted,old_id=310000109,310000109
d96c3a22-33d1-5a0e-2db2-5258837d3b77,تحويل :0106 -س.ر.ج,2025-10-04,فرع السراج,فرع 11 يونيو,posted,old_id=210000182,210000182
719a69b1-d907-ef8d-e7ca-94773675a6b3,تحويل :0107 -س.ر.ج,2025-10-14,فرع السراج,فرع 11 يونيو,posted,old_id=210000183,210000183
350940e7-9ea8-c712-2e13-70f77687c1a0,تحويل :0133 -س.ر.ج,2026-01-27,مخزن جنزور,فرع السراج,posted,old_id=210000210,210000210
c38d6c04-9ad2-c3f9-79be-5ee388a11658,تحويل/2025 :0001 -ين,2025-01-07,فرع 11 يونيو,فرع السراج,posted,old_id=310000034,310000034
6b5688c1-ca15-c06c-2186-0e2f05a53f07,تحويل :0109 -س.ر.ج,2025-10-21,فرع السراج,فرع 11 يونيو,posted,old_id=210000185,210000185
c0f78688-44c5-4e5f-8d4f-2fc2d59ac471,تحويل :0104 -س.ر.ج,2025-09-27,مخزن جنزور,فرع السراج,posted,old_id=210000180,210000180
fce9fb21-5acc-5d20-7fb9-4720419a81ec,تحويل :0108 -س.ر.ج,2025-10-21,مخزن جنزور,فرع السراج,posted,old_id=210000184,210000184
93083ce2-4b94-9696-cc55-f0cadcefae91,تحويل :0110 -س.ر.ج,2025-10-30,فرع السراج,فرع 11 يونيو,posted,old_id=210000186,210000186
1d67d142-d995-b0a7-a059-98ddbcd0bd8d,تحويل :0004 -ين,2025-01-07,فرع 11 يونيو,فرع السراج,posted,old_id=310000035,310000035
85dc5eac-5f40-a3e0-e315-c50efa25758f,تحويل :0137 -ين,2026-03-09,فرع 11 يونيو,فرع السراج,posted,old_id=310000170,310000170
2632acea-b454-9a4c-86dc-d097cd70ee28,تحويل :0111 -س.ر.ج,2025-11-03,مخزن جنزور,فرع السراج,posted,old_id=210000187,210000187
af6bb2ab-6684-7b64-b008-bcfcdb1dda23,تحويل :0112 -س.ر.ج,2025-11-03,فرع السراج,فرع 11 يونيو,posted,old_id=210000188,210000188
4f79a226-7134-e73e-f29f-30200e6b4f6d,تحويل :0100 -س.ر.ج,2025-09-21,فرع السراج,فرع 11 يونيو,posted,old_id=210000176,210000176
c9a1a690-e02f-1ee3-ac35-fe8a08cc6f85,تحويل :0101 -س.ر.ج,2025-09-22,فرع السراج,فرع 11 يونيو,posted,old_id=210000177,210000177
cae4e610-f8ab-1d05-83f7-0bfe247e1d06,تحويل :0113 -س.ر.ج,2025-11-11,فرع السراج,فرع 11 يونيو,posted,old_id=210000190,210000190
c6444336-3725-2828-98ee-9370cff33e75,تحويل :0114 -س.ر.ج,2025-11-20,فرع السراج,فرع 11 يونيو,posted,old_id=210000191,210000191
e9d7625c-583b-50c2-7bc7-eaf4f0b1a0b4,TR0001,2024-08-05,فرع السراج,فرع 11 يونيو,posted,old_id=210000007 | كسكاس دوش مربع 300*300 مم مع قصبة كروم,210000007
a7bc381a-4b33-187c-55af-8549db805437,تحويل :0079 -س.ر.ج,2025-07-01,مخزن جنزور,فرع السراج,posted,old_id=210000155,210000155
1381ad2b-cb3d-0084-b087-bf7c05336ae7,تحويل :0125 -س.ر.ج,2025-12-28,فرع السراج,فرع 11 يونيو,posted,old_id=210000202,210000202
73e16525-205f-2e9a-0250-c3cb93c6a85c,تحويل :0086 -س.ر.ج,2025-07-16,مخزن جنزور,فرع السراج,posted,old_id=210000162,210000162
e12e3c5a-2b2b-aff7-0325-27662f0d237f,تحويل :0131 -س.ر.ج,2026-01-12,فرع السراج,فرع 11 يونيو,posted,old_id=210000208,210000208
40c85ebb-c363-da3d-92a1-628b4c4408ad,تحويل :0149 -ين,2026-04-13,فرع 11 يونيو,فرع السراج,posted,old_id=310000182,310000182
ba9e9ae8-1bc4-7077-b4af-1e7ba3efa4bc,تحويل :0169 -ين,2026-05-10,فرع 11 يونيو,فرع السراج,posted,old_id=310000202,310000202
f460b9c9-cb72-487d-85e5-cb745e744c50,تحويل :0168 -س.ر.ج,2026-05-11,فرع السراج,فرع 11 يونيو,posted,old_id=210000246,210000246
77cf8171-0d15-0ced-b6d6-4beec1cdf22e,تحويل :0078 -ين,2025-09-02,فرع 11 يونيو,فرع السراج,posted,old_id=310000111,310000111
0c1455f2-741f-5d71-a37c-7487730ccc59,تحويل :0079 -ين,2025-09-07,فرع 11 يونيو,فرع السراج,posted,old_id=310000112,310000112
d9c9f9c1-a56d-76d3-f1ee-35221b12a68f,تحويل :0081 -ين,2025-09-07,مخزن جنزور,فرع 11 يونيو,posted,old_id=310000114,310000114
6d55cca8-94f8-f559-48bc-1aa5cc935da0,تحويل :0054 -ين,2025-06-03,فرع 11 يونيو,فرع السراج,posted,old_id=310000086,310000086
2b334161-789a-c642-4ad9-272e346cff7e,تحويل :0085 -ين,2025-09-27,مخزن جنزور,فرع 11 يونيو,posted,old_id=310000118,310000118
7a8baee1-2237-0598-3318-766eb187fa87,تحويل :0160 -ين,2026-04-27,مخزن جنزور,فرع 11 يونيو,posted,old_id=310000193,310000193
74b5f8b0-324f-64f5-73be-47f981825395,تحويل :0116 -ين,2026-01-31,فرع 11 يونيو,فرع السراج,posted,old_id=310000149 | أحمد الفاندي,310000149
4121cc86-9df5-27c6-e913-d14945629073,تحويل :0117 -س.ر.ج,2025-11-29,مخزن جنزور,فرع السراج,posted,old_id=210000194,210000194
a5116946-93d0-6800-49e9-a0c167945f90,تحويل :0011 -ين,2025-02-05,فرع 11 يونيو,فرع السراج,posted,old_id=310000042,310000042
3e822744-109e-d99b-9f71-aaee8d8f9e09,تحويل :0142 -ين,2026-03-30,فرع 11 يونيو,فرع السراج,posted,old_id=310000175,310000175
d6ef7da5-ccf8-47ca-12a1-da05a8ab4b8a,تحويل :0019 -ين,2025-03-09,مخزن جنزور,فرع 11 يونيو,posted,old_id=310000051,310000051
6ad3aead-9b96-e44b-1a9b-5f74ad074e62,تحويل :0110 -ين,2026-01-17,فرع 11 يونيو,فرع السراج,posted,old_id=310000142,310000142
0232c6d3-72ba-8fbd-4c71-e5441cba9384,تحويل :0133 -ين,2026-03-03,فرع 11 يونيو,فرع السراج,posted,old_id=310000166,310000166
cc5f4246-db4b-3bbc-c8aa-e634e8106bf2,تحويل :0020 -ين,2025-03-12,فرع 11 يونيو,فرع السراج,posted,old_id=310000052,310000052
c9f9bade-9f4b-e6f5-2c2c-35eccf1407c3,تحويل :0022 -ين,2025-03-20,فرع 11 يونيو,فرع السراج,posted,old_id=310000054,310000054
e4133a9b-6a3f-fdac-765d-a2b74840b5f0,تحويل :0147 -ين,2026-04-12,مخزن جنزور,فرع 11 يونيو,posted,old_id=310000180,310000180
3e378858-d020-58ab-5677-ce0a1edd632e,تحويل :0001 -ين,2024-11-21,فرع 11 يونيو,فرع السراج,posted,old_id=310000024,310000024
904289bf-6c0a-bcbe-0dc5-ebab0aa8afb8,تحويل :0001 -ين,2024-11-18,فرع 11 يونيو,فرع السراج,posted,old_id=310000022,310000022
8aaee54b-9842-0930-2fd1-438c2d5362b7,تحويل :0121 -ين,2026-02-05,مخزن جنزور,فرع 11 يونيو,posted,old_id=310000154,310000154
aa8d6f89-9fa0-9398-c30a-6a52b6181a77,تحويل :0046 -ين,2025-05-11,فرع 11 يونيو,فرع السراج,posted,old_id=310000078,310000078
2d310bb1-53f8-9043-3593-0c5987769e78,تحويل :0044 -ين,2025-05-10,فرع السراج,فرع 11 يونيو,posted,old_id=310000076,310000076
9f9abe1a-6482-75ea-6178-adf5a9dc752b,تحويل :0048 -ين,2025-05-21,فرع 11 يونيو,فرع السراج,posted,old_id=310000080,310000080
becd8ab5-1441-df52-ebb7-9fd98d211e97,تحويل :0118 -س.ر.ج,2025-11-29,مخزن جنزور,فرع السراج,posted,old_id=210000195,210000195
5e369c1b-3951-9c41-0916-bddf516106ab,تحويل :0119 -س.ر.ج,2025-11-29,مخزن جنزور,فرع السراج,posted,old_id=210000196,210000196
944cb92e-a4f3-4505-cb93-3ae1071977cf,تحويل :0115 -س.ر.ج,2025-11-24,فرع السراج,فرع 11 يونيو,posted,old_id=210000192,210000192
01177deb-41ac-e9d6-0035-e5d310199d66,تحويل :0116 -س.ر.ج,2025-11-29,فرع السراج,مخزن جنزور,posted,old_id=210000193,210000193
9daa3b51-bdb0-4e47-e3a4-c2da4d11e6f7,تحويل :0120 -س.ر.ج,2025-12-01,مخزن جنزور,فرع السراج,posted,old_id=210000197,210000197
e094aab9-4aa9-1839-7024-63833345b81c,تحويل :0141 -س.ر.ج,2026-02-15,فرع السراج,فرع 11 يونيو,posted,old_id=210000218,210000218
f4b81076-f280-ec30-6778-6fc5b6a3e751,تحويل :0157 -س.ر.ج,2026-04-21,مخزن جنزور,فرع السراج,posted,old_id=210000235,210000235
a0f41b4c-b47d-e9b7-4149-4030d77e986a,تحويل :0158 -س.ر.ج,2026-04-21,فرع السراج,فرع 11 يونيو,posted,old_id=210000236,210000236
77e6c3f4-1810-fc57-735d-8d38ab01e387,تحويل :0170 -ين,2026-05-11,فرع 11 يونيو,فرع السراج,posted,old_id=310000203,310000203
55d48e2f-7602-f51d-883b-e4bf84315efb,تحويل :0016 -س.ر.ج,2025-01-13,فرع السراج,فرع 11 يونيو,posted,old_id=210000091,210000091
6a7fb846-1dcb-07df-0b82-39435cd0e08a,تحويل :0151 -س.ر.ج,2026-04-12,مخزن جنزور,فرع السراج,posted,old_id=210000229,210000229
feb00601-4d1f-f5f8-fbd1-70940d2a2ad9,تحويل :0169 -س.ر.ج,2026-05-11,فرع السراج,فرع 11 يونيو,posted,old_id=210000247,210000247
5c0342a9-aaf4-c463-67ec-e88034dfd2de,تحويل :0018 -س.ر.ج,2025-01-20,فرع السراج,فرع 11 يونيو,posted,old_id=210000093,210000093
6428cc68-dc30-ce09-d7f9-f919188eae36,تحويل :0053 -ين,2025-06-01,فرع 11 يونيو,فرع السراج,posted,old_id=310000085,310000085
4846a30b-4fe1-e131-e507-86de4a24b6ff,تحويل :0129 -ين,2026-02-21,مخزن جنزور,فرع 11 يونيو,posted,old_id=310000162,310000162
58db68f8-1914-44a0-d6f4-ab5074c76614,تحويل :0023 -ين,2025-03-20,مخزن جنزور,فرع 11 يونيو,posted,old_id=310000055,310000055
38b220d0-e7d0-b377-8435-162b9e8a610f,تحويل :0025 -ين,2025-03-27,فرع 11 يونيو,فرع السراج,posted,old_id=310000057,310000057
a9d6a425-b346-8796-e2d5-7ff050343273,تحويل :0174 -ين,2026-05-14,فرع 11 يونيو,فرع السراج,posted,old_id=310000207,310000207
d262198a-fdc0-263a-dff4-fc8c8589570d,تحويل :0172 -ين,2026-05-12,فرع 11 يونيو,فرع السراج,posted,old_id=310000205,310000205
40a5806e-057c-f81e-2695-f2bb4762d7b9,تحويل :0023 -س.ر.ج,2025-02-02,فرع السراج,فرع 11 يونيو,posted,old_id=210000098,210000098
457d1400-539b-6c91-42f6-e1a58ddde86a,تحويل :0028 -س.ر.ج,2025-02-16,فرع السراج,فرع 11 يونيو,posted,old_id=210000103,210000103
b3f2b7ec-4897-da96-d482-4dcd47a18417,تحويل :0050 -س.ر.ج,2025-04-30,فرع السراج,فرع 11 يونيو,posted,old_id=210000126,210000126
a59b4066-4f58-bef8-52fd-5639fb61bd5b,تحويل :0171 -ين,2026-05-11,فرع 11 يونيو,فرع السراج,posted,old_id=310000204,310000204
bb9e2493-8098-5597-3423-978478425341,تحويل :0065 -س.ر.ج,2025-06-02,فرع السراج,فرع 11 يونيو,posted,old_id=210000141,210000141
ce14acfe-4c65-17b0-3f28-92803cd00fda,تحويل :0070 -س.ر.ج,2025-06-17,مخزن جنزور,فرع السراج,posted,old_id=210000146,210000146
52caf5cd-8bb9-0c62-f4fb-cffc940c27a3,تحويل :0134 -س.ر.ج,2026-02-02,مخزن جنزور,فرع السراج,posted,old_id=210000211,210000211
9431f12b-96e6-dfce-95ce-34b7f78333dd,تحويل :0135 -س.ر.ج,2026-02-02,فرع السراج,فرع 11 يونيو,posted,old_id=210000212,210000212
30878cdf-847b-edd8-d2eb-b96fec3e5e4b,تحويل :0136 -س.ر.ج,2026-02-03,مخزن جنزور,فرع السراج,posted,old_id=210000213,210000213
e2b80a3e-cea1-b51a-6126-c3ec2e615eb7,تحويل :0148 -س.ر.ج,2026-03-17,فرع السراج,فرع 11 يونيو,posted,old_id=210000225,210000225
6515a5dd-fd71-27b0-22ae-bb27045758d5,تحويل :0149 -س.ر.ج,2026-03-29,فرع السراج,فرع 11 يونيو,posted,old_id=210000226,210000226
aab97d0e-a291-77df-fde1-c7ead2ffd50b,تحويل :0150 -س.ر.ج,2026-04-04,فرع السراج,فرع 11 يونيو,posted,old_id=210000227,210000227
ef008129-10b4-d421-9789-1cf02123bcf0,تحويل :0179 -ين,2026-05-17,مخزن جنزور,فرع 11 يونيو,posted,old_id=310000212,310000212
ab9668b7-92ce-5d50-1c7f-3e86eadb7ccc,تحويل :0173 -ين,2026-05-14,مخزن جنزور,فرع 11 يونيو,posted,old_id=310000206,310000206
aea8a820-842c-1297-8982-337abef5488f,تحويل :0177 -ين,2026-05-16,فرع 11 يونيو,فرع السراج,posted,old_id=310000210,310000210
84b67753-30a3-d669-f055-867f6b9fae1f,تحويل :0175 -ين,2026-05-14,فرع 11 يونيو,فرع السراج,posted,old_id=310000208,310000208
1bc8b78c-26a2-c0c1-8ad5-da1c08333567,تحويل :0176 -ين,2026-05-14,فرع 11 يونيو,فرع السراج,posted,old_id=310000209,310000209
f6109e3a-d5b6-c57e-bdc8-cc21f32516eb,تحويل :0170 -س.ر.ج,2026-05-13,فرع السراج,فرع 11 يونيو,posted,old_id=210000248,210000248
5b6f7001-9d6a-90f2-aed1-88f9a4d22474,تحويل :0178 -ين,2026-05-17,مخزن جنزور,فرع 11 يونيو,posted,old_id=310000211,310000211
d0e57e0e-ef50-a6a2-c4e2-b912a296af7e,تحويل :0171 -س.ر.ج,2026-05-20,فرع السراج,فرع 11 يونيو,posted,old_id=210000249,210000249
27620e7f-0345-9eec-6418-2ba92ba316d5,تحويل :0172 -س.ر.ج,2026-05-20,فرع السراج,فرع 11 يونيو,posted,old_id=210000250,210000250
10592940-c21b-9b23-7b1b-baf3d78395f8,تحويل :0156 -ين,2026-04-23,فرع 11 يونيو,فرع السراج,posted,old_id=310000189,310000189
b5ec3693-7a4b-3193-7dda-1ca77d484b87,تحويل :0000 -ين,2024-10-24,فرع 11 يونيو,فرع السراج,posted,old_id=310000012 | شطاف ظغط دائري مع طوبو كروم,310000012
c108f8be-bb08-adf2-1ffe-acea549d4ef9,تحويل :0000 -ين,2024-12-17,فرع 11 يونيو,فرع السراج,posted,old_id=310000029,310000029
a82eddcf-294a-4c82-f8f4-fcba4748958a,تحويل :0003 -ين,2025-01-04,فرع 11 يونيو,فرع السراج,posted,old_id=310000033,310000033
a9aecc1c-9e2e-2409-847b-98dec3ea9b03,تحويل :0026 -ين,2025-04-12,فرع 11 يونيو,فرع السراج,posted,old_id=310000058,310000058
dea66c9f-d37e-c45e-2e1b-c8a0fb95d4d0,تحويل :0099 -ين,2024-12-22,فرع 11 يونيو,فرع السراج,posted,old_id=310000030,310000030
3a5cefb2-ad31-fd3b-8f3f-383b569f3658,تحويل :0162 -ين,2026-04-27,مخزن جنزور,فرع 11 يونيو,posted,old_id=310000195,310000195
968454be-ee62-6e0f-1a08-5723c06279d5,تحويل :0000 -ين,2024-08-31,فرع 11 يونيو,فرع السراج,posted,old_id=310000006,310000006
c9c96cfe-2a5d-e75a-a7d6-7fe3175d5f45,تحويل :0047 -ين,2025-05-21,مخزن جنزور,فرع 11 يونيو,posted,old_id=310000079,310000079
b9dc13c7-ba2d-aea2-9a23-d0b134c3fedf,تحويل :0055 -ين,2025-06-14,فرع 11 يونيو,فرع السراج,posted,old_id=310000087,310000087
0d5b44f8-820a-e970-77d4-67c41920318d,تحويل :0159 -س.ر.ج,2026-04-26,فرع السراج,فرع 11 يونيو,posted,old_id=210000237,210000237
c685bae3-ca8a-8a12-a5f3-54511fe96395,تحويل :0160 -س.ر.ج,2026-04-27,فرع السراج,فرع 11 يونيو,posted,old_id=210000238,210000238
fd4d73dc-6daa-1cc2-7445-ca3e8959ae07,تحويل :0161 -س.ر.ج,2026-04-27,مخزن جنزور,فرع السراج,posted,old_id=210000239,210000239
b5a3d33c-58fb-c5bc-68a2-384f6f015bd2,تحويل :0162 -س.ر.ج,2026-04-29,مخزن جنزور,فرع السراج,posted,old_id=210000240,210000240
a4bd67aa-9eda-68f9-2810-140d80f4feb2,تحويل :0163 -س.ر.ج,2026-04-29,فرع السراج,فرع 11 يونيو,posted,old_id=210000241,210000241
12cd607b-4a2c-b423-3f51-a3c97d64da3d,تحويل :0164 -س.ر.ج,2026-05-02,فرع السراج,فرع 11 يونيو,posted,old_id=210000242,210000242
af9abe11-7112-9150-d97e-a490620b1e1d,تحويل :0166 -س.ر.ج,2026-05-03,فرع السراج,فرع 11 يونيو,posted,old_id=210000244,210000244
bdd3e5e4-8112-8db1-8c20-dfa65c0f6d2a,تحويل :0180 -ين,2026-05-20,فرع 11 يونيو,فرع السراج,posted,old_id=310000213,310000213
fd439834-ef97-5429-f6ce-0364151e75a4,تحويل :0165 -س.ر.ج,2026-05-03,مخزن جنزور,فرع السراج,posted,old_id=210000243,210000243
3a8f00ce-5590-6fcb-0e5b-5d16862bdaf6,تحويل :0122 -س.ر.ج,2025-12-07,فرع السراج,فرع 11 يونيو,posted,old_id=210000199,210000199
980fc184-fc1d-2677-e39a-96888dc83f28,تحويل :0002 -ين,2024-12-31,فرع 11 يونيو,فرع السراج,posted,old_id=310000032 | ML10145;معيوب,310000032
beeddcd4-f3e8-ec03-08dc-70ffad23c8e5,تحويل :0027 -ين,2025-04-13,مخزن جنزور,فرع 11 يونيو,posted,old_id=310000059,310000059
3f725ff6-dd43-ee22-4a76-8dafd244ddd7,تحويل :0028 -ين,2025-04-17,فرع 11 يونيو,فرع السراج,posted,old_id=310000060,310000060
8b4f9c4e-e486-571b-dff0-eba60a08ef11,تحويل :0029 -ين,2025-04-17,فرع 11 يونيو,فرع السراج,posted,old_id=310000061,310000061
fb099969-085b-d64c-c3f0-6ea3d746debc,تحويل :0030 -ين,2025-04-17,فرع 11 يونيو,فرع السراج,posted,old_id=310000062,310000062
8fa6d105-b5f7-408b-8a5e-b5bb8d537609,تحويل :0031 -ين,2025-04-21,فرع 11 يونيو,فرع السراج,posted,old_id=310000063,310000063
7da6116a-0923-40fd-04b2-6d14fa860172,تحويل :0032 -ين,2025-04-23,فرع السراج,فرع 11 يونيو,posted,old_id=310000064,310000064
07ffe7b9-1217-b53b-adee-779a97a85e49,تحويل :0034 -ين,2025-04-29,فرع 11 يونيو,فرع السراج,posted,old_id=310000066,310000066
4005b7bc-71e9-8413-4f93-ec84a3cfd7dc,تحويل :0037 -ين,2025-04-30,مخزن جنزور,فرع 11 يونيو,posted,old_id=310000069,310000069
13fcfb51-db65-3944-a266-61494d4cff69,تحويل :0038 -ين,2025-04-30,مخزن جنزور,فرع 11 يونيو,posted,old_id=310000070,310000070
fcd21f6a-e675-0b31-53f1-beb74dbc49ba,تحويل :0039 -ين,2025-05-04,فرع 11 يونيو,فرع السراج,posted,old_id=310000071,310000071
f6cb4c16-77be-a9ed-4904-55ba2d7c98e1,تحويل :0035 -ين,2025-04-29,فرع 11 يونيو,فرع السراج,posted,old_id=310000067,310000067
eb4f023c-b71f-b603-3112-ea27eb3b36a8,تحويل :0040 -ين,2025-05-06,فرع 11 يونيو,فرع السراج,posted,old_id=310000072,310000072
58683616-b691-b782-fd63-10785407296f,تحويل :0123 -س.ر.ج,2025-12-13,فرع السراج,فرع 11 يونيو,posted,old_id=210000200,210000200
8bc5cca8-9d14-924c-d6fd-e4daa70c2018,تحويل :0173 -س.ر.ج,2026-05-21,فرع السراج,فرع 11 يونيو,posted,old_id=210000251,210000251
61ce2ed6-f92a-1fe2-63a2-f2db39b211a1,تحويل :0182 -ين,2026-05-25,فرع 11 يونيو,فرع السراج,posted,old_id=310000215,310000215
ee45b345-face-bd50-a010-693ad5f2db7d,تحويل :0174 -س.ر.ج,2026-05-23,فرع السراج,فرع 11 يونيو,posted,old_id=210000252,210000252
83b2c92f-be4f-cf10-0f00-c0757fe68321,تحويل :0175 -س.ر.ج,2026-06-03,فرع السراج,فرع 11 يونيو,posted,old_id=210000253,210000253
358cdaa4-03e6-526c-cac0-167ade15d31b,تحويل :0185 -ين,2026-06-03,فرع 11 يونيو,فرع السراج,posted,old_id=310000218,310000218
10387a92-f3a9-574c-ff01-46c5b0b9579f,تحويل :0181 -ين,2026-05-24,فرع 11 يونيو,فرع السراج,posted,old_id=310000214,310000214
a6cf959f-1130-f8a4-675d-c9618b94e419,تحويل :0186 -ين,2026-06-04,مخزن جنزور,فرع 11 يونيو,posted,old_id=310000219,310000219
6e76d056-d9cd-17f0-294b-404af331b467,تحويل :0183 -ين,2026-05-31,فرع 11 يونيو,فرع السراج,posted,old_id=310000216,310000216
127b1728-ee54-0f20-e1ff-f3be025e4cc5,تحويل :0187 -ين,2026-06-07,مخزن جنزور,فرع 11 يونيو,posted,old_id=310000220,310000220
9ca8fd8c-b7c4-bf69-aaca-747a3443bc82,تحويل :0184 -ين,2026-06-01,فرع 11 يونيو,فرع السراج,posted,old_id=310000217,310000217
ad8f19ef-9faf-1268-e315-57639f36bc06,تحويل :0190 -ين,2026-06-09,مخزن جنزور,فرع 11 يونيو,posted,old_id=310000223,310000223
da63dd1c-468d-19de-53fb-4b2b6ed9447d,تحويل :0189 -ين,2026-06-07,مخزن جنزور,فرع 11 يونيو,posted,old_id=310000222,310000222
fc8878f4-07b6-41d2-9503-b3d2abb4bfd2,تحويل :0188 -ين,2026-06-07,فرع 11 يونيو,فرع السراج,posted,old_id=310000221,310000221
3426fd8e-0307-aa8c-8ad4-c1208e97d5d5,تحويل :0176 -س.ر.ج,2026-06-07,فرع السراج,فرع 11 يونيو,posted,old_id=210000254,210000254
d9127cb1-4a72-7ce6-2b22-e0accd140b09,تحويل :0191 -ين,2026-06-09,مخزن جنزور,فرع 11 يونيو,posted,old_id=310000224,310000224
d1d24387-8f8d-7451-1cc9-9219693333ba,تحويل :0177 -س.ر.ج,2026-06-10,فرع السراج,فرع 11 يونيو,posted,old_id=210000255,210000255
6f357cd5-3419-d406-6b18-e310d10efa2c,تحويل :0178 -س.ر.ج,2026-06-10,فرع السراج,فرع 11 يونيو,posted,old_id=210000256,210000256
df7836ca-01b5-55c2-8335-eef90e60dcf7,تحويل :0179 -س.ر.ج,2026-06-10,فرع السراج,فرع 11 يونيو,posted,old_id=210000257,210000257
8d6186f4-7414-9948-1058-bbe060c7d861,تحويل :0192 -ين,2026-06-10,فرع 11 يونيو,فرع السراج,posted,old_id=310000225,310000225
9969e7af-c92d-8f95-5799-e7fe64ee27a7,تحويل :0001 -ين,2024-11-13,فرع 11 يونيو,فرع السراج,posted,old_id=310000018,310000018
67b27a30-b704-65f0-3e95-c2428307ff1b,تحويل :0001 -ين,2024-11-14,فرع 11 يونيو,فرع السراج,posted,old_id=310000020,310000020
64030fc0-b75e-69f3-8114-96d8331979be,تحويل :0015 -ين,2025-02-17,فرع 11 يونيو,فرع السراج,posted,old_id=310000047,310000047
733f17b2-2707-733c-7321-9a7116acbba5,تحويل :0017 -ين,2025-02-24,فرع 11 يونيو,فرع السراج,posted,old_id=310000049,310000049
6bc61948-dded-8639-f377-17623a657b64,تحويل :0132 -س.ر.ج,2026-01-15,فرع السراج,فرع 11 يونيو,posted,old_id=210000209,210000209
206486d0-5bfd-c233-8891-32844131d210,تحويل :0130 -س.ر.ج,2026-01-11,مخزن جنزور,فرع السراج,posted,old_id=210000207,210000207
8375aaab-1b8c-7609-29ca-051ca673de4f,تحويل :0129 -س.ر.ج,2026-01-04,فرع السراج,فرع 11 يونيو,posted,old_id=210000206,210000206
009df540-620e-6a76-5ae8-65c90444c7b6,تحويل :0128 -س.ر.ج,2026-01-03,فرع السراج,فرع 11 يونيو,posted,old_id=210000205,210000205
29a43733-558c-d3e7-67e3-45b16972b83d,تحويل :0145 -س.ر.ج,2026-03-02,فرع السراج,فرع 11 يونيو,posted,old_id=210000222,210000222
861586b6-66d0-0006-fb7d-a9c153a5509b,تحويل :0146 -س.ر.ج,2026-03-03,فرع السراج,فرع 11 يونيو,posted,old_id=210000223,210000223
c5e7ce24-dada-8b5b-e7da-833f2b539a31,تحويل :0016 -ين,2025-02-22,فرع 11 يونيو,فرع السراج,posted,old_id=310000048,310000048
7bdfd059-5161-6abc-3e59-30b62b9a8380,تحويل :0147 -س.ر.ج,2026-03-07,فرع السراج,فرع 11 يونيو,posted,old_id=210000224,210000224
8fda9d5e-b671-a825-c747-42bc9b06485b,تحويل :0033 -ين,2025-04-24,فرع 11 يونيو,فرع السراج,posted,old_id=310000065,310000065
1a3a8e6d-6bbf-e621-c2d3-29fcea04bd2b,تحويل :0036 -ين,2025-04-30,فرع 11 يونيو,فرع السراج,posted,old_id=310000068,310000068
6b639d71-7d3e-399a-30cd-555807b32cd5,تحويل :0193 -ين,2026-06-11,فرع 11 يونيو,فرع السراج,posted,old_id=310000226,310000226
0ce8b46f-9f49-d2e0-1179-5878bbcd3605,تحويل :0059 -ين,2025-06-19,مخزن جنزور,فرع 11 يونيو,posted,old_id=310000091,310000091
2a2860b3-2bdd-9f94-faa9-350fbf4b9908,تحويل :0060 -ين,2025-06-21,فرع 11 يونيو,فرع السراج,posted,old_id=310000092,310000092
3d7e6bb5-d9c2-a99f-a4a1-61af10a0eacb,تحويل :0082 -ين,2025-09-20,فرع 11 يونيو,فرع السراج,posted,old_id=310000115,310000115
b88baa38-4698-19ea-a7b4-41221f96125b,تحويل :0077 -ين,2025-08-26,فرع 11 يونيو,فرع السراج,posted,old_id=310000110,310000110
a1bafe82-3199-1c5a-1ccd-b45b35947ad5,تحويل :0150 -ين,2026-04-18,فرع 11 يونيو,فرع السراج,posted,old_id=310000183,310000183
90b1b024-fea5-22d0-1822-6470413fdf54,تحويل :0152 -س.ر.ج,2026-04-13,فرع السراج,فرع 11 يونيو,posted,old_id=210000230,210000230
0f13ad63-6d07-7e73-cfbd-55d31ecda108,تحويل :0180 -س.ر.ج,2026-06-13,فرع السراج,فرع 11 يونيو,posted,old_id=210000258,210000258
ce373916-05e9-c803-33da-25dc6702839a,تحويل :0182 -س.ر.ج,2026-06-15,مخزن جنزور,فرع السراج,posted,old_id=210000260,210000260
c74a6a9e-7a17-a6b1-f5eb-a51576cb2fee,تحويل :0198 -ين,2026-06-18,فرع 11 يونيو,فرع السراج,posted,old_id=310000231,310000231
4f230859-ddbd-254d-1303-01758ce816f9,تحويل :0191 -س.ر.ج,2026-07-07,فرع السراج,فرع 11 يونيو,posted,old_id=210000269,210000269
8ee7bf35-6c70-4a9b-9484-f843a5c9f329,تحويل :0201 -ين,2026-06-24,فرع 11 يونيو,فرع السراج,posted,old_id=310000234 | تحويل الى السراج قديم,310000234
000e7d9c-f020-09d9-7668-e8f4c3a60402,تحويل :0188 -س.ر.ج,2026-06-29,فرع السراج,فرع 11 يونيو,posted,old_id=210000266,210000266
b422382f-d70e-1811-078f-77678c20b634,تحويل :0197 -ين,2026-06-16,فرع 11 يونيو,فرع السراج,posted,old_id=310000230,310000230
944f8190-298c-90a8-cb6a-c2e3875d1b42,تحويل :0195 -ين,2026-06-15,فرع 11 يونيو,فرع السراج,posted,old_id=310000228,310000228
315ed62d-9b61-b80f-923c-327d84c5db31,تحويل :0183 -س.ر.ج,2026-06-15,فرع السراج,فرع 11 يونيو,posted,old_id=210000261,210000261
3e7d1a4d-9cf5-ea9f-9136-bc7454d1b570,تحويل :0181 -س.ر.ج,2026-06-13,مخزن جنزور,فرع السراج,posted,old_id=210000259,210000259
d415f6a2-fa84-0884-9418-8f466286b162,تحويل :0200 -ين,2026-06-20,فرع 11 يونيو,فرع السراج,posted,old_id=310000233,310000233
c158bbce-f472-dbe5-27da-edb79114dcd1,تحويل :0184 -س.ر.ج,2026-06-16,فرع السراج,فرع 11 يونيو,posted,old_id=210000262,210000262
3c37c0da-00a7-3094-33e9-3fd3e0aea92d,تحويل :0185 -س.ر.ج,2026-06-17,مخزن جنزور,فرع السراج,posted,old_id=210000263,210000263
786f07c6-d2e2-e58f-9c51-f26b7ad26e4c,تحويل :0186 -س.ر.ج,2026-06-22,مخزن جنزور,فرع السراج,posted,old_id=210000264,210000264
fd552e23-780b-acc7-a508-8c7653d89c4e,تحويل :0187 -س.ر.ج,2026-06-23,مخزن جنزور,فرع السراج,posted,old_id=210000265,210000265
e7c0a7f4-8c4e-7ed9-7b08-1cea4d4de6f9,تحويل :0196 -ين,2026-06-16,فرع 11 يونيو,فرع السراج,posted,old_id=310000229,310000229
1878a344-2291-8e17-b659-f91e2d9734b6,تحويل :0199 -ين,2026-06-20,مخزن جنزور,فرع 11 يونيو,posted,old_id=310000232,310000232
5c04f9d7-964b-5c72-038f-e37add04e021,تحويل :0202 -ين,2026-06-29,فرع 11 يونيو,فرع السراج,posted,old_id=310000235,310000235
e9619e9b-d202-691b-a743-c9726ee503c3,تحويل :0189 -س.ر.ج,2026-06-29,فرع السراج,فرع 11 يونيو,posted,old_id=210000267,210000267
0693f485-3b16-373b-aee6-eb74efbf13f7,تحويل :0204 -ين,2026-06-30,فرع 11 يونيو,فرع السراج,posted,old_id=310000237 | تحويل تم لالسراج منذ اكثر من شهر,310000237
db081742-0fd6-4bfa-b0ec-c377044d0a32,تحويل :0207 -ين,2026-07-11,فرع 11 يونيو,فرع السراج,posted,old_id=310000240,310000240
9038bc64-a58a-02b6-ac56-aaa84d9912c5,تحويل :0190 -س.ر.ج,2026-07-05,فرع السراج,فرع 11 يونيو,posted,old_id=210000268,210000268
f42082b1-d3fd-2a90-f332-cec54a06b069,تحويل :0203 -ين,2026-06-30,مخزن جنزور,فرع 11 يونيو,posted,old_id=310000236,310000236
0136c2d8-2767-b682-b4a1-2852c8410b9d,تحويل :0205 -ين,2026-07-07,مخزن جنزور,فرع 11 يونيو,posted,old_id=310000238,310000238
78f3c0a7-50ed-e65e-1d62-43335719e200,تحويل :0206 -ين,2026-07-08,مخزن جنزور,فرع 11 يونيو,posted,old_id=310000239,310000239
ea4367a6-2ee3-9604-4a4e-ad23b4742584,تحويل :0192 -س.ر.ج,2026-07-14,فرع السراج,فرع 11 يونيو,posted,old_id=210000270,210000270
1904fda4-38e9-961b-d2c1-88ba1a667d13,تحويل :0193 -س.ر.ج,2026-07-14,فرع السراج,فرع 11 يونيو,posted,old_id=210000271,210000271
7dd59e4a-e1e1-52d9-d2ed-d97a2d4fb956,تحويل :0194 -س.ر.ج,2026-07-14,فرع السراج,فرع 11 يونيو,posted,old_id=210000272,210000272
b90ef11f-c5dc-ea6d-e98a-681882617e95,تحويل :0137 -س.ر.ج,2026-02-03,مخزن جنزور,فرع السراج,posted,old_id=210000214,210000214
3b9a1cce-18cb-adf5-ea3b-f54df142c062,تحويل :0106 -ين,2026-01-03,فرع 11 يونيو,فرع السراج,posted,old_id=310000138,310000138
914a20f0-8717-d68c-3682-3071783db81e,تحويل :0112 -ين,2026-01-26,فرع 11 يونيو,فرع السراج,posted,old_id=310000144,310000144
accd9ad1-f6f9-419d-88bf-21359d029b57,تحويل :0138 -س.ر.ج,2026-02-05,فرع السراج,فرع 11 يونيو,posted,old_id=210000215,210000215
5c97997d-972a-41ba-d950-c8ba07600db4,تحويل :0139 -س.ر.ج,2026-02-07,فرع السراج,فرع 11 يونيو,posted,old_id=210000216,210000216
aa77036a-3f90-1b3c-b8e5-03115187c3d6,تحويل :0143 -س.ر.ج,2026-02-18,مخزن جنزور,فرع السراج,posted,old_id=210000220,210000220
f2d27723-858b-1c27-0a1c-18b661ce6c4e,تحويل :0140 -ين,2026-03-26,فرع 11 يونيو,فرع السراج,posted,old_id=310000173,310000173
d9de8bf2-69ef-99fb-9c7c-c9c17c756b9c,تحويل :0141 -ين,2026-03-29,فرع 11 يونيو,فرع السراج,posted,old_id=310000174,310000174
cb85b769-cee3-65b6-b10a-53c2cd119408,تحويل :0143 -ين,2026-04-05,فرع 11 يونيو,فرع السراج,posted,old_id=310000176,310000176
5f8b4cdd-f2f1-9fe6-574d-f697ec2d6682,تحويل :0161 -ين,2026-04-27,فرع 11 يونيو,فرع السراج,posted,old_id=310000194,310000194
9d03b41e-2a03-415a-d2e8-5bbe5563204d,تحويل :0159 -ين,2026-04-26,مخزن جنزور,فرع 11 يونيو,posted,old_id=310000192,310000192
ea8bcfd4-453d-17b9-40c8-3930d35828c0,تحويل :0157 -ين,2026-04-25,فرع 11 يونيو,فرع السراج,posted,old_id=310000190 | تحويل قديم,310000190
09b4fad3-8368-3b77-7d3f-b180e5f2583e,تحويل :0158 -ين,2026-04-26,فرع 11 يونيو,فرع السراج,posted,old_id=310000191,310000191
8f982058-f1c8-1e07-cd8d-4f371e0d1dc4,تحويل :0167 -ين,2026-05-05,مخزن جنزور,فرع 11 يونيو,posted,old_id=310000200,310000200
bc9dcdbc-467c-43b1-22a9-20f5f7c9b4f8,تحويل :0194 -ين,2026-06-15,مخزن جنزور,فرع 11 يونيو,posted,old_id=310000227,310000227
dd8a2072-e909-2bfb-afdf-730c054a6aa7,تحويل :0195 -س.ر.ج,2026-07-18,فرع السراج,فرع 11 يونيو,posted,old_id=210000273,210000273
6d90cb5c-738f-0c9b-0f29-f1646baedeb4,تحويل :0214 -ين,2026-08-09,مخزن جنزور,فرع 11 يونيو,posted,old_id=310000247,310000247
52974229-d038-fdd4-2290-13a51066c426,تحويل :0215 -ين,2026-08-11,فرع 11 يونيو,فرع السراج,posted,old_id=310000248,310000248
79727176-9219-7859-f43e-c143122b655c,تحويل :0200 -س.ر.ج,2026-08-09,فرع السراج,فرع 11 يونيو,posted,old_id=210000278,210000278
dde339d4-77cb-80b0-b018-f8307c2ad0f3,تحويل :0211 -ين,2026-07-27,مخزن جنزور,فرع السراج,posted,old_id=310000244,310000244
8d622fbc-e770-b32a-2b89-8f91233626a8,تحويل :0208 -ين,2026-07-18,فرع 11 يونيو,فرع السراج,posted,old_id=310000241,310000241
d59f963d-d921-d585-6f97-334d48fc5796,تحويل :0196 -س.ر.ج,2026-07-19,فرع السراج,فرع 11 يونيو,posted,old_id=210000274,210000274
a304b6f7-221c-89b8-34a9-9ec737228885,تحويل :0197 -س.ر.ج,2026-07-22,فرع السراج,فرع 11 يونيو,posted,old_id=210000275,210000275
c746963a-c2c3-216f-6275-fc17d53be56b,تحويل :0218 -ين,2026-08-20,فرع 11 يونيو,فرع السراج,posted,old_id=310000251,310000251
6b2357ab-32cc-b4c1-e14a-1d50b2169b63,تحويل :0203 -س.ر.ج,2026-09-06,فرع السراج,فرع 11 يونيو,posted,old_id=210000281,210000281
f425a284-7565-8cc9-3bd4-810713ea9856,تحويل :0204 -س.ر.ج,2026-09-07,فرع السراج,فرع 11 يونيو,posted,old_id=210000282,210000282
d0bc5b70-cd64-9e30-765c-e9b7ed3dce04,تحويل :0220 -ين,2026-09-01,فرع 11 يونيو,فرع السراج,posted,old_id=310000253,310000253
6b3a304e-e71d-4e73-acac-4eab82fbc1b6,تحويل :0209 -ين,2026-07-22,فرع 11 يونيو,فرع السراج,posted,old_id=310000242,310000242
8710d12b-1184-bc25-6a6a-9a9a1d7cdc18,تحويل :0213 -ين,2026-07-29,فرع 11 يونيو,فرع السراج,posted,old_id=310000246,310000246
f2a95781-c7fc-63cd-b26c-28d06db62c32,تحويل :0199 -س.ر.ج,2026-08-05,فرع السراج,فرع 11 يونيو,posted,old_id=210000277,210000277
8f3e20ef-47df-e92e-26c1-876779ca5d93,تحويل :0216 -ين,2026-08-13,فرع 11 يونيو,فرع السراج,posted,old_id=310000249,310000249
a8239eef-1160-3e9e-8713-c1c43834e5d0,تحويل :0201 -س.ر.ج,2026-08-15,فرع السراج,فرع 11 يونيو,posted,old_id=210000279,210000279
920e141a-3cc3-c66a-6adb-8fc2a63141da,تحويل :0210 -ين,2026-07-22,فرع 11 يونيو,فرع السراج,posted,old_id=310000243,310000243
565d0b07-e598-dece-625e-1291775e2993,تحويل :0198 -س.ر.ج,2026-07-27,فرع السراج,فرع 11 يونيو,posted,old_id=210000276,210000276
bbf30c6a-68c7-ed04-fab6-c0262683e8a9,تحويل :0217 -ين,2026-08-17,فرع 11 يونيو,فرع السراج,posted,old_id=310000250,310000250
9ecad587-bdd8-095d-6e5b-3baf3d5ed73c,تحويل :0222 -ين,2026-09-08,فرع 11 يونيو,فرع السراج,posted,old_id=310000255,310000255
8ee1301f-05aa-8406-fa6a-3f5afcc30829,تحويل :0219 -ين,2026-08-27,مخزن جنزور,فرع 11 يونيو,posted,old_id=310000252,310000252
c9c8c72e-e4c1-c432-e961-53232813026e,تحويل :0202 -س.ر.ج,2026-09-01,فرع السراج,فرع 11 يونيو,posted,old_id=210000280,210000280
a8ba52d5-c9cb-7514-b3ac-3f64077bc4aa,تحويل :0205 -س.ر.ج,2026-09-08,مخزن جنزور,فرع السراج,posted,old_id=210000283,210000283
a58ecda4-91ae-f1b2-b01d-4f9f602d10c2,تحويل :0206 -س.ر.ج,2026-09-09,فرع السراج,فرع 11 يونيو,posted,old_id=210000284,210000284
de6e6255-ec6b-935f-9e35-766c30da8911,تحويل :0207 -س.ر.ج,2026-09-10,فرع السراج,فرع 11 يونيو,posted,old_id=210000285,210000285
cc6bd480-a281-4aae-f039-12c9bcceef32,تحويل :0210 -س.ر.ج,2026-09-13,فرع السراج,فرع 11 يونيو,posted,old_id=210000288,210000288
2280962e-dd49-e258-76f8-f2172f00c78f,تحويل :0221 -ين,2026-09-02,فرع 11 يونيو,فرع السراج,posted,old_id=310000254,310000254
c0969b4c-438a-5197-722c-f6b57bcb47d0,تحويل :0211 -س.ر.ج,2026-09-14,فرع السراج,فرع 11 يونيو,posted,old_id=210000289,210000289
d3ebe3b6-fefe-bbe3-db33-01b74f25e664,تحويل :0208 -س.ر.ج,2026-09-12,فرع السراج,فرع 11 يونيو,posted,old_id=210000286,210000286
dffe61c1-5ba5-50c0-dcb1-c696bfa03f8d,تحويل :0223 -ين,2026-09-12,فرع 11 يونيو,فرع السراج,posted,old_id=310000256,310000256
55a3551a-057d-9bc1-b291-2e5ec18ee0d5,تحويل :0209 -س.ر.ج,2026-09-12,فرع السراج,فرع 11 يونيو,posted,old_id=210000287,210000287
9945c830-bcbc-d731-21a1-f7858b808ae4,تحويل :0224 -ين,2026-09-15,فرع 11 يونيو,فرع السراج,posted,old_id=310000257,310000257
2ff91dae-6c19-8219-6815-3491a929dead,تحويل :0212 -ين,2026-07-27,مخزن جنزور,فرع 11 يونيو,posted,old_id=310000245,310000245
ef14c60e-949d-8483-b69e-0216ace3b5ef,تحويل :0139 -ين,2026-03-25,فرع 11 يونيو,فرع السراج,posted,old_id=310000172,310000172
5fcbac26-6600-cb4d-710c-822614e3aac1,تحويل :0118 -ين,2026-02-03,مخزن جنزور,فرع 11 يونيو,posted,old_id=310000151,310000151
192fd8e0-1a84-1c29-5ded-90976b743a44,تحويل :0145 -ين,2026-04-09,فرع 11 يونيو,فرع السراج,posted,old_id=310000178,310000178
e98721bf-1b8c-b179-5dd4-5075d04a508a,تحويل :0014 -ين,2025-02-11,فرع 11 يونيو,فرع السراج,posted,old_id=310000046,310000046
66fb9bfa-bd57-c349-9cdb-40ca3a476224,تحويل :0084 -ين,2025-09-27,فرع 11 يونيو,فرع السراج,posted,old_id=310000117,310000117
54252048-51d6-10e3-08c6-d1ec209b193e,تحويل :0087 -ين,2025-10-16,فرع 11 يونيو,فرع السراج,posted,old_id=310000120,310000120
488413a8-d387-fe2a-3ea3-9b3589d7afe6,تحويل :0024 -ين,2025-03-22,فرع 11 يونيو,فرع السراج,posted,old_id=310000056,310000056
19f9af46-14cb-f070-bd86-ba716de57509,تحويل :2511224 -ين,2024-11-25,فرع 11 يونيو,فرع السراج,posted,old_id=310000025,310000025
497f3726-9b80-acb9-0954-0b3d4c5e62b5,تحويل :0134 -ين,2026-03-05,فرع 11 يونيو,فرع السراج,posted,old_id=310000167,310000167
731e12e1-e40e-8a70-a0bc-fd1dae50530b,تحويل :0130 -ين,2026-02-24,فرع 11 يونيو,فرع السراج,posted,old_id=310000163,310000163
cfdb178d-c2b9-ba3d-96c9-1359834b95bc,تحويل :0120 -ين,2026-02-05,فرع 11 يونيو,فرع السراج,posted,old_id=310000153,310000153
c58b504f-7832-ce51-1793-856fe9f640c0,تحويل :0131 -ين,2026-02-26,فرع 11 يونيو,فرع السراج,posted,old_id=310000164,310000164
72561f78-7467-dd44-48c4-81f6a81aeea7,تحويل :0132 -ين,2026-02-28,فرع 11 يونيو,فرع السراج,posted,old_id=310000165 | تحويل لالسراج في فترة قبل رمضان,310000165
