code,name,old_stock_table,from_movements,diff
PA30542,مسمارخشب رقم 6 (100غ),7,607.000,600.000
ALVM50206,سيفون حوض الوجه كلك,289,-64.000,-353.000
SI10176,سلكون  280 غرام شفاف,33,-199.000,-232.000
PE30376,جبس العز 1كغ,-261,-449.000,-188.000
PLSA0129,"مطول ""1/2 * 25 مم كروم",144,297.000,153.000
99999,ملحقات مواد صحية,-18,-165.000,-147.000
PA30046,كيس فارغ أبيض,1044,1180.000,136.000
RA20582,"مخفض قومه 1.5"" * 1.25",66,187.000,121.000
RS40309,بلاط ارضيات بورسلين 60 سم * 60 سم (1.08  م²),0,102.000,102.000
PA30537,"اسطافة 3/4"" (2 قطع)",189,285.000,96.000
PA30514,رنديلة (50 غ),34,116.000,82.000
PLSA0241,مطول  15 مم كروم,89,169.000,80.000
ACE20242,مثبت سخانة,74,153.000,79.000
PE30375,جبس العز 40كغ,42,115.000,73.000
PA30313,"اسطافة 1.5"" (2 قطع)",124,192.000,68.000
WP20161,مقعد أرضي ملحوم رصاصي رخامي,12,69.000,57.000
WP20159,مقعد أرضي ملحوم سداسي أبيض,1,56.000,55.000
AASB30014,رف زاوية زوجي كروم,60,114.000,54.000
PLSA0550,وردة كروم  1/2,42,92.000,50.000
ALVM50240,مثبت حوض الوجه,73,118.000,45.000
PLSA0130,مطول 1/2*20 مم كروم,16,57.000,41.000
RFP1432,"فسيبلي خلاط (2طرف) ""1/2 أنثى 50سم",11,47.000,36.000
ELC1473,سلك كهرباء 1 *2.5 مم²,0,-36.000,-36.000
MC10012,سرفنتينة 15 سم * 15 سم كروم ,12,46.000,34.000
PE30036,استوك 18 كغ,-1,32.000,33.000
PE30094,ورق سنفرة قماش رقم 180,25,-7.000,-32.000
ML30603,مرايا حمام مع إضاءة لد مع اطار ذهبي 90*70 سم,15,45.000,30.000
PA30540,"اسطافة 4"" (2 قطع)",56,86.000,30.000
PLSA0814,"وصلة مخفض خلاط دوش ""3/8 ذكر × ""1/2 ذكر كروم",23,53.000,30.000
ARSB80396,قصبة دوش دائري 30 سم كروم,14,44.000,30.000
ARSB80370,سماعة دوش كروم,17,45.000,28.000
PA30539,"اسطافة 3"" (2 قطع)",48,75.000,27.000
PE30377,اسمنت ابيض 1كغ,-264,-290.000,-26.000
ELC1472,سلك كهرباء 1 *2.5 مم²,0,-26.000,-26.000
RA20085, طوبو4''(1) متر,1,-25.000,-26.000
VS10597,حوض وجه معلق أبيض -60سم,2,26.000,24.000
APCI40229,مطول 1/2 *10 مم كروم,20,43.000,23.000
RFP1420,"فسيبلي "" 1/2 أنثى * ""1/2 أنثى 30سم",10,32.000,22.000
ARSB80184,رشاش دوش كروم,29,50.000,21.000
PE30077,بونتة ترابنو (1 قطع),115,94.000,-21.000
ALVM50032,سيفون حوض الوجه كروم,0,21.000,21.000
ARSB80640,"مسكر شطافة ""1/2"" * ""1/2 كروم",-5,-25.000,-20.000
ALVM50819,رأس سيفوني اسود,22,2.000,-20.000
RA30015,"كوربة 2"" - 90°",31,51.000,20.000
AASB30341,حاملة منظفات زوجي كروم,1,20.000,19.000
RFP1754,"فسيبلي "" 1/2 أنثى * ""1/2 أنثى 50سم",17,36.000,19.000
PLSA0233,"نبلس ""1/2 * ""3/8 كروم",12,31.000,19.000
PE30193,لصقة طلاء 45 مم,209,228.000,19.000
ARSB80037,سماعة دوش مع طوبو ذهبي,12,30.000,18.000
PLSA0664,وردة كروم,-2,14.000,16.000
ARSB80106,مصب دوش قصير بدون تحويلة كروم,7,23.000,16.000
PE30032,استوك 20 كغ,23,7.000,-16.000
ARSB80004,مخرج شطاف كروم بالعلاقة ,11,27.000,16.000
PA30538,"اسطافة 1"" (2 قطع)",14,-1.000,-15.000
 ,Indéfini,0,15.000,15.000
RA20084, طوبو3''(1) متر,-4,-19.000,-15.000
RFP1217,"فسيبلي "" 1/2 أنثى * ""1/2 أنثى 60سم",9,24.000,15.000
MC10455,مجرى 50 سم *8 سم مشبكة كروم,11,26.000,15.000
RA30082,طوبو1.5'' (1 متر),6,-8.000,-14.000
WS10163,مقعد معلق رايملس أبيض ,1,15.000,14.000
RFP1750,"فسيبلي "" 1/2 أنثى * ""1/2 أنثى 30سم سميك",9,23.000,14.000
ARSB80099,مصب دوش مع تحويلة ذهبي,5,18.000,13.000
ALVM50307,سيفون حوض الوجه كروم,20,33.000,13.000
RFP1429,"فسيبلي "" 1/2 ذكر * ""1/2 أنثى 40سم",6,19.000,13.000
FAB0176,طلاء وجه خلاط دوش,-8,-21.000,-13.000
ARSB80171,سماعة دوش مع طوبو كروم,3,16.000,13.000
FAB0175,طلاء وجه خلاط شطافة,-10,-22.000,-12.000
PLSA0131,"مطول ""1/2* 30 مم كروم",92,104.000,12.000
PS20665,علاقة مناشف زوجية كروم,20,32.000,12.000
WP20158,مقعد أرضي ملحوم طويل أبيض,0,12.000,12.000
RA30004, طوبو4'' 6 متر,7,19.000,12.000
ARSB80341,مصب دوش بدون تحويلة كروم,0,12.000,12.000
RFP1424,"فسيبلي "" 1/2 أنثى * ""1/2 أنثى 40سم",6,18.000,12.000
CE10265,سخانة 80 لتر,2,14.000,12.000
ML10060,خلاط حوض وجه أسود ,0,11.000,11.000
MC10002,مجرى 50 سم *8 سم كروم,18,29.000,11.000
ARSB80246,مصب دوش شلال بدون تحويلة كروم,11,22.000,11.000
PLSA0415,وردة أسود 1/2,10,20.000,10.000
LG40187, حوض وجه برسلين مشطوف 80 سم ,2,12.000,10.000
ARSB80169,سماعة دوش مع طوبو ذهبي,0,10.000,10.000
EG40184,رف حوض وجه برسلين 80 سم,1,11.000,10.000
WS10168,مقعد معلق رايملس أسود,9,19.000,10.000
RA20083, طوبو2''(1) متر,-1,-11.000,-10.000
ARSB80045,مخرج شطاف مع علاق كروم,0,-10.000,-10.000
ARSB80323,قصبة دوش مربعة 30 سم كروم,9,19.000,10.000
WS10594,مقعد معلق تورنيدو أبيض ,1,11.000,10.000
EG40188,رف حوض وجه برسلين 80 سم,3,13.000,10.000
LG40183, حوض وجه برسلين مشطوف 80 سم ,0,10.000,10.000
VP20216,حوض وجه فوق الرخام ذهبي -48سم ,9,18.000,9.000
WS10165,مقعد معلق تورنيدو أبيض ,0,-9.000,-9.000
ML30795,مرايا حمام ضد البخار مع إضاءة لد 60*80 سم,1,10.000,9.000
EG40181, رف حوض وجه برسلين 100 سم,3,12.000,9.000
WA40474,غطاء مقعد موطو أبيض,17,26.000,9.000
ARSB80302,شطاف ظغط مربع كبيرمع طوبو كروم,-2,7.000,9.000
LG40180,حوض وجه برسلين 100 سم,3,12.000,9.000
RA20024,"مثلث 25* 1/2"" سن داخلي",147,138.000,-9.000
MDE50676,خلاط دوش مدفون كروم ,8,17.000,9.000
ARSB80235,وصلة مسطرة دوش30سم ,0,9.000,9.000
WA40088,غطاء مقعد موطو أبيض,4,13.000,9.000
SA10650,طقم اكسسوار أسود,25,34.000,9.000
PLSA0270,وردة كروم,2,-7.000,-9.000
ALVM50299,سيفون حوض الوجه كروم,1,10.000,9.000
PA30606,ليفة تنضيف ألمنيوم,-2,-11.000,-9.000
ARSB80214,"مسكر شطافة ""1/2"" * ""1/2 كروم",96,104.000,8.000
LG40178, حوض وجه برسلين مشطوف 80 سم ,0,8.000,8.000
VS10220,عمود حوض وجه سداسي معلق أبيض ,1,9.000,8.000
PLSA0287,وردة ذهبي,5,-3.000,-8.000
ALVM50023,رأس سيفوني كروم,5,13.000,8.000
MC10413,سرفنتينة 15 سم * 15 سم كروم ,22,30.000,8.000
EG40179,رف حوض وجه برسلين 80 سم,0,8.000,8.000
ARSB80166,سماعة دوش كروم,0,8.000,8.000
ARSB80161,شطاف ظغط دائري مع طوبو رصاصي,5,13.000,8.000
RA20023,"مثلث 25"" لحام",42,34.000,-8.000
FAB0177,طلاء وجه زر بتارية,-9,-17.000,-8.000
RFP1427,"فسيبلي "" 1/2 أنثى * ""1/2 أنثى 50سم",1,9.000,8.000
ARSB80014,كسكاس دوش دائري 250 مم كروم,2,10.000,8.000
ARSB80043,مخرج شطاف كروم,5,13.000,8.000
ALVM50283,رأس سيفوني 1 ''1/4  ''5 كروم,5,13.000,8.000
WS10171,مقعد معلق رايملس أبيض ,1,9.000,8.000
ADOU50043,سيفون حوض قدم,0,-7.000,-7.000
ARSB80165,سماعة دوش مع طوبو كروم,4,11.000,7.000
VS10882,حوض وجه معلق60 سم أبيض,0,7.000,7.000
ARSB80241,كسكاس دوش مربع 200*200 مم كروم,1,8.000,7.000
ALVM50505,مطول سيفون حوض الوجه 40سم كروم,-2,5.000,7.000
ARSB80186,مخرج شطاف كروم,15,22.000,7.000
ARSB80275,كسكاس دوش مربع 250*250 مم مع قصبة كروم,11,18.000,7.000
MDE50823,خلاط دوش مدفون شريحة مربع كروم ,7,14.000,7.000
ALVM50389,رأس سيفوني كروم,8,15.000,7.000
ARSB80363,كسكاس دوش مربع 300*300 مم كروم,4,-3.000,-7.000
AASB30051,موزع صابون سائل كروم,4,11.000,7.000
RO10290,مسكر زاوية  ''1/2 * ''1/2 كروم,0,-7.000,-7.000
RS40222,بلاط ارضيات بورسلين 120 سم * 60 سم (0.360  م²),0,-7.000,-7.000
RA30055, طوبو2'' 6 متر,17,24.000,7.000
ART0003,حوض مطبخ ستانلس ستيل نص منظومة  304 75*45كروم ,30,23.000,-7.000
ATWC50313,صندوق طرد مدفون بتارية مع زر دائري 9 لتر,0,7.000,7.000
ATWC50261, زر بتارية مقعد,18,25.000,7.000
ARSB80298,سماعة دوش مع طوبو كروم,8,15.000,7.000
ALVM50394,رأس سيفوني رخامي,2,9.000,7.000
ALVM50218,مثبت حوض الوجه,3,9.000,6.000
ATWC50180,زر بتريا كروم,0,6.000,6.000
AASB30030,رف ستاينلس ستيل كروم ,0,6.000,6.000
MC10271,مجرى 60 سم *7 سم كروم,6,12.000,6.000
ALVM50808,سيفون حوض الوجه كروم,10,16.000,6.000
AECU50425,سيفون حوض المطبخ,28,22.000,-6.000
ALVM50015,سيفون حوض الوجه كروم,0,6.000,6.000
LG40386, حوض وجه برسلين مع رف 65 سم ,0,-6.000,-6.000
ML30087,مرايا حمام مع إضاءة لد 50*70 سم,-1,5.000,6.000
EL10701,حوض مطبخ ستانلس ستيل منظومة بيانو 304 75*46 كروم,6,12.000,6.000
FAB0179,طلاء قصبة,0,-6.000,-6.000
MC10270,مجرى 50 سم *7 سم كروم,3,9.000,6.000
ARSB80718,مخرج شطاف مربع بالعلاقة كروم,1,7.000,6.000
ARSB80781,شطاف ظغط مربع كبيرمع طوبو كروم,8,14.000,6.000
ARSB80236,طوبو دوش 150سم كروم,7,13.000,6.000
VS10205,حوض وجه معلق رصاصي -60سم,4,10.000,6.000
ARSB80269,شطاف ظغط مجرح مع طوبو كروم,4,-2.000,-6.000
ML10299,خلاط حوض وجه  كروم,0,6.000,6.000
ML30088,مرايا حمام مع إضاءة لد 50*70 سم,0,6.000,6.000
ARSB80078,شطاف ظغط مربع مع طوبو أسود,5,11.000,6.000
ARSB80988,كسكاس دوش دائري 250 مم كروم,4,10.000,6.000
CD40097,مسطرة دوش زوجية كروم,15,21.000,6.000
WP20157,مقعد أرضي ملحوم موطو أبيض,1,7.000,6.000
PLSA0286,وردة أسود,0,-6.000,-6.000
PE30989,طلاء مائي داخلي 10 كغ أبيض ربع لمعه ,0,6.000,6.000
MC10269,مجرى 33 سم *7 سم كروم,5,11.000,6.000
ATWC50314,صندوق طرد مدفون بتارية مع زر مربع 9 لتر,2,7.000,5.000
PLSA0443,مطول 1/2*50 مم كروم,13,18.000,5.000
AB10113,خزانة حمام أبيض ,-3,-8.000,-5.000
MC10652,سرفنتينة 15 سم * 15 سم كروم ,184,179.000,-5.000
MD20060,خلاط دوش مع سماعة كروم,4,9.000,5.000
ATWC50167,وصلة بتارية مدفونة 35 سم,15,20.000,5.000
FAB0178,طلاء وجه مسكر بي بي ار,-1,-6.000,-5.000
ML10504,خلاط حوض وجه  كروم,0,5.000,5.000
MT30794,خلاط شطاف كروم ,4,9.000,5.000
MD20026,خلاط دوش كروم,3,8.000,5.000
CE10264,سخانة 50 لتر,2,7.000,5.000
PSB10826,حوض وجه مع دولاب حمام مع مراية مضيئة -80 سم ,0,5.000,5.000
AM0112,حوض وجه مع دولاب حمام -80 سم,-3,-8.000,-5.000
ARSB80170,سماعة دوش مع طوبو كروم,1,6.000,5.000
RO10294,حنفية غسالة  ''1/2 * ''3/4 كروم,24,19.000,-5.000
AM40825,مراية دولاب حمام لد -80 سم ,0,5.000,5.000
AASB30084,مقبض قابل للطي مضاد للانزلاق لكبار السن,1,6.000,5.000
VS10823,حوض وجه معلق 80 سم,0,5.000,5.000
LG40191, حوض وجه برسلين مع رف 100 سم,0,-5.000,-5.000
MTE60033,خلاط شطاف مدفون كروم ,2,7.000,5.000
AM0184,حوض وجه مع دولاب حمام -60 سم,0,-5.000,-5.000
AASB30198,صابون سائل,10,15.000,5.000
ML30079,مرايا حمام مع إضاءة لد 90*60 سم,-3,-8.000,-5.000
VS10883,عمود حوض وجه أرضي أبيض ,4,9.000,5.000
AASB30059,حاملة فرشاة أسنان كروم,1,6.000,5.000
EL10040,حوض مطبخ ستانلس ستيل   304 76*45 سم كروم,8,13.000,5.000
ALVM50014,سيفون حوض الوجه كروم,0,5.000,5.000
WP20477,مقعد أرضي ملحوم مربع قصير أبيض,7,12.000,5.000
AB10826,خزانة حمام 80*24*12,0,5.000,5.000
ML10059,خلاط حوض وجه  15 سم كروم ,4,9.000,5.000
EL50796,برتولامبه بدون تامينه ,1,6.000,5.000
AM0824,دولاب حمام 80 سم أبيض,0,5.000,5.000
AM0078, دولاب حمام -90 سم,-2,-7.000,-5.000
ARSB80337,مصب دوش مع تحويلة كروم,8,13.000,5.000
ARSB80813,مصب دوش قصير بتحويلة كروم,13,18.000,5.000
CC10308,كولة حائط 20 كغ,38,33.000,-5.000
ART0030,قصبة دوش مربعة 45 سم كروم,1,6.000,5.000
LG40193, حوض وجه برسلين مشطوف مع رف 80 سم ,0,-5.000,-5.000
EG30811,حوض مطبخ جرانيت أبيض   80*50 ,6,11.000,5.000
MDE50822,خلاط دوش مدفون ايدج ذهبي ,3,8.000,5.000
ARSB80041,شطاف ظغط مربع مع طوبو كروم,0,5.000,5.000
AETS20237,تفلون 19 مم * 30 متر * 0.8 مم,5,10.000,5.000
ML30114,مرايا حمام مع إضاءة لد 80*60 سم,-3,-8.000,-5.000
ML30788,مرايا حمام ضد البخار مع إضاءة لد 60*80 سم,1,6.000,5.000
VS10191,حوض وجه معلق -80 سم,5,10.000,5.000
MA20116,خلاط حوض المطبخ سحاب ذهبي,0,5.000,5.000
MT30025,خلاط شطاف مع شطاف كروم ,1,5.000,4.000
ALVM50809,سيفون حوض الوجه كروم,1,5.000,4.000
ARSB80380,كسكاس دوش مربع 250*250 مم مع قصبة ذهبي,6,10.000,4.000
PD20126,حاجز دوش 8 مم  مربعات80  سم,0,-4.000,-4.000
VS10400,حوض وجه معلق 65 سم,0,4.000,4.000
ML10003,خلاط حوض وجه أسود,3,7.000,4.000
ARSB80658,شطاف ظغط مربع مع طوبو أسود,7,3.000,-4.000
ML10054,خلاط حوض وجه دائري أسود,7,11.000,4.000
PLSA0239,"وصلة مخفض خلاط دوش ""3/8 ذكر × ""1/2 انثى كروم",0,4.000,4.000
AECU50556,سيفون حوض المطبخ,0,4.000,4.000
VS10209,حوض وجه معلق أبيض -60سم,16,20.000,4.000
ARSB80052,كسكاس دوش مربع 250*250 مم مع قصبة أسود,0,4.000,4.000
SA10649,طقم اكسسوار كروم,1,5.000,4.000
ART0226,سرفنتينة 15 سم * 15 سم كروم ,-5,-9.000,-4.000
PD20041,حاجز دوش 8 مم  مظلم80  سم,1,-3.000,-4.000
ARSB80281,كسكاس دوش مربع 200*200 مم مع قصبة ذهبي,9,13.000,4.000
PA30057,متر 5م,4,8.000,4.000
SI10175,سلكون  280 غرام أبيض,0,-4.000,-4.000
ARSB0824,كسكاس دوش دائري 25سم مع قصبة كروم,1,-3.000,-4.000
ARSB80125,مخرج شطاف كروم,10,14.000,4.000
AETS20004,تفلون 19 مم * 15 متر * 0.20 مم,41,37.000,-4.000
PLSA0002,وردة كروم,2,6.000,4.000
ARSB80379,رشاش دوش مربع كروم,26,30.000,4.000
ARSB80069,مصب دوش بدون تحويلة كروم,4,8.000,4.000
VS10207,حوض وجه معلق أسود -60سم,6,10.000,4.000
MT30243,خلاط شطاف كروم ,7,11.000,4.000
ARSB80963,سماعة دوش مع طوبو كروم,1,-3.000,-4.000
PD20442,حاجز دوش 10مم اطار كروم منقط 90 سم,1,5.000,4.000
ALVM50020,رأس سيفوني حوض الوجه طويل أسود,0,4.000,4.000
PD20043,حاجز دوش 8 مم  مظلم 100  سم,3,-1.000,-4.000
AM0399,دولاب حمام 65 سم أبيض,0,4.000,4.000
EL10241,حوض مطبخ ستانلس ستيل نص منظومة  304 75*45 أسود,6,10.000,4.000
AM40401,مراية دولاب حمام-80 سم ,0,4.000,4.000
ARSB80145,شطاف ظغط مربع مع طوبو مع مخرج شطاف أسود,0,4.000,4.000
AASB30010,صابونية كروم,1,5.000,4.000
RA30003, طوبو3'' 6 متر,11,15.000,4.000
ARSB80290,"مسكر شطافة ""1/2"" * ""1/2 اسود ",0,4.000,4.000
EL10242,حوض مطبخ ستانلس ستيل منظومة بيانو 304 75*46 أسود,-1,3.000,4.000
VP20786,حوض وجه فوق الرخام أبيض ,4,8.000,4.000
ALVM50031,سيفون حوض الوجه كروم,0,4.000,4.000
PD20042,حاجز دوش 8 مم  مظلم 90  سم,1,-3.000,-4.000
MTE60038,خلاط شطاف مدفون كروم ,2,6.000,4.000
PLSA0229,وردة كروم,2,6.000,4.000
WP20588,مقعد أرضي ملحوم أبيض,1,5.000,4.000
ARSB80029,سماعة دوش مع طوبو كروم,2,6.000,4.000
ALVM50022,رأس سيفوني حوض الوجه طويل ذهبي,1,5.000,4.000
ALVM50018,رأس سيفوني اسود,3,7.000,4.000
ME10021,خلاط حوض المطبخ شجرة كروم,4,8.000,4.000
PS20319,علاقة مناشف كروم,1,-3.000,-4.000
RA30002,طوبو1.5'' 6 متر,8,12.000,4.000
FAB0559,تصنيع حوض مع قاعدة برسلين,-2,-5.000,-3.000
ARSB80152,شطاف ظغط دائري مع طوبو كروم,3,6.000,3.000
AASB30155,حاملة فرشاة أسنان كروم,0,3.000,3.000
WP20156,مقعد أرضي ملحوم تورىيدو أبيض,0,-3.000,-3.000
AECU50203,سيفون حوض المطبخ,-1,-4.000,-3.000
MA20615,خلاط حوض المطبخ سحاب أسود,2,-1.000,-3.000
CE10104,سخانة 50 لتر,2,5.000,3.000
ML10079,خلاط حوض وجه ذهبي,0,3.000,3.000
SI10507,سلكون 260 غرام شفاف,0,3.000,3.000
VS10458,حوض وجه معلق 85 سم,0,3.000,3.000
PS20039,علاقة مناشف كروم,8,11.000,3.000
LG40198, حوض وجه برسلين مشطوف مع رف 80 سم ,0,-3.000,-3.000
PLSA0237,وردة كروم1/2,46,49.000,3.000
ARSB80287,مخرج شطاف مع علاق كروم,0,3.000,3.000
ML10029,خلاط حوض وجه طويل كروم ,1,4.000,3.000
AM40457,مراية دولاب حمام 80 سم,0,3.000,3.000
ATWC50218,بتارية مقعد أرضي ملحوم تحت 28 سم,24,27.000,3.000
EG40355,رف حوض وجه برسلين 65 سم,2,5.000,3.000
ALVM50029,سيفون حوض الوجه ذهبي,2,5.000,3.000
AECU50180,سيفون حوض المطبخ رأس صغير,3,6.000,3.000
ARSB80182,مخرج شطاف مربع بالعلاقة أسود,4,7.000,3.000
AASB30052,موزع صابون سائل كروم,2,5.000,3.000
LG40385, حوض وجه برسلين مع رف 65 سم ,0,-3.000,-3.000
ART0200,سيفون حوض المطبخ,-1,-4.000,-3.000
ML30074,مرايا حمام مع إضاءة لد 80*60 سم,0,3.000,3.000
EG30246,حوض مطبخ جرانيت أبيض 70*50 ,0,3.000,3.000
MC10653,سرفنتينة 15 سم * 15 سم أسود,28,25.000,-3.000
MA20126,خلاط حوض المطبخ سحاب كروم,0,3.000,3.000
ARSB80295,"مسكر شطافة ""1/2"" * ""1/2 دهبي",8,11.000,3.000
ARSB80660,مخرج شطاف مع علاق كروم,28,25.000,-3.000
LG40322, حوض وجه برسلين 80 سم,1,4.000,3.000
AASB30048,صابونية كروم,7,10.000,3.000
EG40351,رف حوض وجه برسلين 80 سم,1,4.000,3.000
PE30374,اسمنت ابيض 50كغ,11,8.000,-3.000
ARSB80240,كسكاس دوش شريحة مربع 250*250 مم مع قصبة كروم,2,5.000,3.000
ARSB80350,قصبة دوش دائرية 30 سم كروم,1,-2.000,-3.000
ALVM50225,سيفون حوض الوجه كروم,0,-3.000,-3.000
ML30744,مرايا حمام مع إضاءة لد-عرض60*80 سم,-1,2.000,3.000
AM40194,مراية دولاب حمام -60 سم ,1,-2.000,-3.000
WS10014,مقعد معلق (صندوق خارجي) أبيض ,5,2.000,-3.000
VS10219,عمود حوض وجه سداسي أرضي أبيض ,1,4.000,3.000
LG40330,حوض وجه برسلين 65 سم,2,5.000,3.000
ME10022,خلاط حوض المطبخ شجرة كروم,0,3.000,3.000
ML10000,خلاط حوض وجه كروم ,2,5.000,3.000
EG30878,حوض مطبخ جرانيت أسود مطفي50*43 فردي,6,3.000,-3.000
MC10645,مجرى 40 سم *8 سم أسود,26,23.000,-3.000
CE10007,سخانة 80 لتر,5,8.000,3.000
ML30099,مرايا حمام مع إضاءة لد سداسية 60*80 سم,-2,-5.000,-3.000
ML30836,مرايا حمام ضد البخار مع إضاءة لد 60*80 سم,-4,-7.000,-3.000
ARSB80250,مخرج شطاف مع علاق كروم,3,6.000,3.000
SA10015,طقم اكسسوار ذهبي,0,3.000,3.000
AB10072,خزانة حمام أبيض ,0,3.000,3.000
VS10187,حوض وجه معلق -50 سم,6,9.000,3.000
ARSB80194,قصبة دوش 40 سم أسود,7,10.000,3.000
ML10010,خلاط حوض وجه ذهبي ,2,5.000,3.000
MC10008,سرفنتينة 15 سم * 15 سم كروم ,3,6.000,3.000
ARSB80202,قصبة دوش  40 سم شبشاشة كروم,2,5.000,3.000
RA20040,"مخفض 32""* 25"" لحام",523,520.000,-3.000
ARSB80179,حنفية شطاف دبل كروم,0,3.000,3.000
AM0456,دولاب حمام 85 سم,0,3.000,3.000
EG30292,حوض مطبخ جرانيت رصاصي محبب  80*50 ,3,6.000,3.000
ARSB80311,مخرج شطاف مع علاق كروم,0,3.000,3.000
ML10025,خلاط حوض وجه  20 سم كروم ,-1,2.000,3.000
EL50114,برتولامبه بدون تامينه ,0,3.000,3.000
SA10316,طقم اكسسوار كروم,0,-2.000,-2.000
EL10702,حوض مطبخ ستانلس ستيل منظومة بيانو 304 75*46 أسود,9,7.000,-2.000
ARSB80282,كسكاس دوش مربع 200*200 مم مع قصبة أسود,2,4.000,2.000
PE30452,غيار روله قطني 10سم ,52,50.000,-2.000
ML10089,خلاط حوض وجه 3 فتحات كروم,2,0.000,-2.000
AASB30992,حاملة فوط كروم,0,-2.000,-2.000
EG40156,رف حوض وجه برسلين 80 سم,2,0.000,-2.000
SA10771,طقم اكسسوار كروم,0,2.000,2.000
ML10056,خلاط حوض وجه طويل كروم ,1,3.000,2.000
AASB30343,فرشاة مرحاض كروم,1,-1.000,-2.000
ARSB80996,كسكاس دوش دائري 250 مم كروم,0,2.000,2.000
CD40002,مسطرة دوش زوجية كروم,9,7.000,-2.000
ARSB80364,كسكاس دوش مربع مع قصبة 250*250 مم كروم,0,-2.000,-2.000
ARSB80499,سماعة دوش مع طوبو كروم,7,5.000,-2.000
EG30093,حوض مطبخ جرانيت رملي محبب 70*50 ,0,2.000,2.000
PD20123,حاجز دوش 8 مم  مضبب120  سم,0,-2.000,-2.000
WA40089,غطاء مقعد أبيض,7,5.000,-2.000
ML10080,خلاط حوض وجه ذهبي,2,4.000,2.000
ML30050,مرايا حمام مع إضاءة لد 80*60 سم,0,-2.000,-2.000
ML10058,خلاط حوض وجه  15 سم كروم ,0,2.000,2.000
MA20120,خلاط حوض المطبخ دبل سحاب أسود,0,2.000,2.000
ARSB80065,كسكاس دوش دائري 300 مم مع قصبة كروم,1,3.000,2.000
SA10315,طقم اكسسوار كروم,0,-2.000,-2.000
EG40372,رف حوض وجه برسلين 80 سم,1,-1.000,-2.000
ATWC50181,زر بتريا كروم,1,3.000,2.000
ART0007,كسكاس دوش مربع 200*200 مم كروم,4,6.000,2.000
VS10000,حوض وجه معلق -60 سم,0,2.000,2.000
AASB30100,موزع صابون أسود,0,2.000,2.000
ARSB80038,شطاف ظغط مربع مع مخرج بالعلاقة مع طوبو أسود,1,3.000,2.000
ARSB80939,مخرج شطاف مع علاق جانبي كروم,20,18.000,-2.000
ARSB80090,طوبو شطاف 1.2 م أبيض,8,10.000,2.000
MTE60028,خلاط شطاف مدفون برنزي,0,2.000,2.000
ARSB80012,كسكاس دوش مربع 250*250 مم كروم,0,2.000,2.000
LG40902, حوض رخامي كوريان 80سم ,1,3.000,2.000
LG40100, حوض وجه برسلين مشطوف مع رف 60,-2,0.000,2.000
WS10169,مقعد معلق رايملس أسود,7,5.000,-2.000
PD20434,حاجز دوش 10 مم اطار كروم مضبب 80 سم,0,-2.000,-2.000
VS10180,حوض وجه معلق رخامي أبيض,0,2.000,2.000
ALVM50393,رأس سيفوني رخامي,0,2.000,2.000
EG40186,رف حوض وجه برسلين 80 سم,0,2.000,2.000
VP20215,حوض وجه فوق الرخام أبيض -50سم ,5,7.000,2.000
ARSB80383,كسكاس دوش مربع 300*300 مم كروم,0,2.000,2.000
LG40185, حوض وجه برسلين مشطوف 80 سم ,0,2.000,2.000
ARSB80795,كسكاس دوش دائري 250*250 مم مع قصبة كروم,3,1.000,-2.000
LG40194, حوض وجه برسلين مشطوف مع رف 80 سم ,0,-2.000,-2.000
AASB30304,حاملة ورق ناعم كلينكس رخامي,4,2.000,-2.000
ML30282,مرايا حمام مع إضاءة لد دائرية 60سم,-1,1.000,2.000
EG40357,رف حوض وجه برسلين 65 سم,2,4.000,2.000
PSB10825, دولاب حمام حوض مع مرايا لد -90 سم,3,5.000,2.000
AM0901, دولاب حمام -80 سم,1,3.000,2.000
WP20097,مقعد أرضي بدون صندوق أبيض,1,-1.000,-2.000
ATWC50347,زر بتريا كروم,0,-2.000,-2.000
LG40149, حوض وجه برسلين مشطوف 80 سم,2,0.000,-2.000
AASB30344,فرشاة تنظيف مرحاض كروم,0,-2.000,-2.000
ARSB80305,مخرج شطاف مع علاق مع محول كروم,0,2.000,2.000
AASB30306,حامل ورق منظف كلينكس,0,-2.000,-2.000
EL10144,حوض مطبخ ستانلس ستيل   80*50  أسود,0,2.000,2.000
MT30556,خلاط شطاف مع شطاف كروم,8,6.000,-2.000
SA10314,طقم اكسسوار كروم,1,-1.000,-2.000
ARSB80278,مخرج شطاف مع علاق كروم,12,14.000,2.000
EG40150,رف حوض وجه برسلين 80 سم,2,0.000,-2.000
ALVM50275,رأس سيفوني كروم,2,4.000,2.000
SA10311,طقم اكسسوار كروم,3,1.000,-2.000
AASB30062,صابونية كروم,12,14.000,2.000
ART0302,شطاف ظغط دائري مع طوبو كروم,2,0.000,-2.000
ARSB80197,قصبة دوش  40 سم شبشاشة كروم,4,6.000,2.000
VS10221, حوض وجه سداسي معلق أبيض ,-1,1.000,2.000
MT30020,خلاط شطاف مع شطاف أسود,0,2.000,2.000
AM40452,مراية دولاب حمام 100 سم,-1,1.000,2.000
AM0111,حوض وجه مع دولاب حمام -80 سم,0,-2.000,-2.000
ALVM50062,مطول سيفون حوض الوجه كروم,7,5.000,-2.000
ARSB80139,شطاف ظغط دائري مع طوبو كروم,6,4.000,-2.000
ARSB80163,شطاف ظغط مربع مع طوبو كروم,0,2.000,2.000
LG40388, حوض وجه برسلين مع رف 65 سم ,-2,-4.000,-2.000
PLSA0259,"طابة ""1/2 مع وردة كروم",12,14.000,2.000
ARSB80445,مصب دوش طويل بتحويلة كروم,2,4.000,2.000
EL10017,حوض مطبخ ستانلس ستيل   304 81*51 كروم,-1,1.000,2.000
LG40369, حوض وجه برسلين مشطوف 80 سم ,3,1.000,-2.000
EG40149, رف حوض وجه برسلين 100 سم,0,-2.000,-2.000
WP20166,مقعد أرضي ملحوم بيضوي أبيض,0,2.000,2.000
EG30863,حوض مطبخ جرانيت أبيض مطفي79*51 فردي,12,10.000,-2.000
WS10816,مقعد معلق ملحوم تورنيدو أبيض,34,32.000,-2.000
MA20124,خلاط حوض المطبخ سحاب أسود,0,2.000,2.000
VS10204,حوض وجه معلق أبيض -50سم ,0,2.000,2.000
ALVM50036,رأس سيفوني كروم,0,2.000,2.000
ARSB80190,يد شطاف كروم,0,2.000,2.000
ARSB80155,شطاف ضغط مربع مع طوبو أسود,0,2.000,2.000
MC10192,سرفنتينة 15 سم * 15 سم كروم ,0,-2.000,-2.000
PS20170,علاقة ملابس فردية أسود,0,-2.000,-2.000
WA41059,غطاء مقعد معلق تورنيدو أبيض,0,2.000,2.000
PS20486,علاقة ملابس خماسية,3,5.000,2.000
VS10454,حوض وجه معلق 100 سم,-2,0.000,2.000
MM30026,حنفية حوض المطبخ حائطي كروم,3,5.000,2.000
RFP1779,"فسيبلي "" 1/2 أنثى * ""1/2 أنثى 50سم",7,9.000,2.000
ME10024,خلاط حوض المطبخ شجرة كروم,1,3.000,2.000
LG40400, حوض وجه برسلين 80 سم ,1,-1.000,-2.000
SA10312,طقم اكسسوار كروم,0,-2.000,-2.000
WP20160,مقعد أرضي ملحوم سداسي مدفع أبيض,0,2.000,2.000
AM40193,مراية دولاب حمام -60 سم ,0,-2.000,-2.000
ML10075,خلاط حوض وجه أسود ,4,6.000,2.000
MD20014,خلاط دوش كروم,0,2.000,2.000
ARSB80149,مصب دوش مع تحويلة كروم,1,-1.000,-2.000
ATWC50246,رجسترو مقعد أرضي مائل 3 سم,22,20.000,-2.000
ALVM50017,سيفون حوض الوجه طويل كروم,0,-2.000,-2.000
AASB30346,فرشة مرحاض كروم,0,-2.000,-2.000
ATWC50178,زر بتريا كروم,3,5.000,2.000
AM0185,حوض وجه مع دولاب حمام -60 سم ,1,-1.000,-2.000
ARSB80356,مصب حوض وجه بدون تحويلة متحرك كروم,7,5.000,-2.000
ML30903,مرايا حمام مع إضاءة لد 60*80 سم,1,3.000,2.000
EG40356,رف حوض وجه برسلين 60 سم,1,3.000,2.000
ARSB80397,قصبة دوش 40 سم أسود,2,4.000,2.000
FAB0100,تصنيع قاعدة برسلين,-2,-4.000,-2.000
RD30306,حوض قدم خزف مربع 70*70 سم,4,2.000,-2.000
ARSB80183,مخرج شطاف ذهبي,5,7.000,2.000
LG40332,حوض وجه برسلين 65 سم,2,4.000,2.000
MDE50821,خلاط دوش مدفون فلفيت أسود ,4,6.000,2.000
SA10313,طقم اكسسوار كروم,0,-2.000,-2.000
MDE50045,خلاط دوش مدفون كروم ,2,4.000,2.000
RFP1402,"فسيبلي "" 1/2 أنثى * ""1/2 أنثى 50سم",0,2.000,2.000
AB10110,خزانة حمام أبيض ,0,-2.000,-2.000
WA41057,غطاء مقعد معلق تورنيدو أبيض,0,2.000,2.000
AECU50151,سلة تجفيف لحوض المطبخ رصاصي,-1,1.000,2.000
EG40373,رف حوض وجه برسلين 80 سم,0,-2.000,-2.000
EG40370,رف حوض وجه برسلين 80 سم,3,1.000,-2.000
ATWC50098,صندوق بتارية مقعد أرضي,1,-1.000,-2.000
CD40101,مسطرة دوش زوجية كروم,1,3.000,2.000
ALVM50392,رأس سيفوني رخامي,3,5.000,2.000
ML10099,خلاط حوض وجه أسود,0,2.000,2.000
ALVM50402,سيفون حوض الوجه كروم,2,4.000,2.000
LG40147, حوض وجه برسلين 100 سم,0,-2.000,-2.000
ML10300,خلاط حوض وجه  كروم,0,-2.000,-2.000
PS20318,علاقة مناشف كروم,0,-2.000,-2.000
AM0450,دولاب حمام 100 سم,-1,1.000,2.000
ALVM50368,طابة حوض الوجه,1,-1.000,-2.000
PS20169,علاقة ملابس فردي,1,3.000,2.000
MC10088,مجرى 55سم *7 سم كروم,1,3.000,2.000
SI10506,سلكون 260 غرام أبيض,0,2.000,2.000
ARSB80013,كسكاس دوش مربع 250*250 مم كروم,0,2.000,2.000
AM0073,حوض وجه مع دولاب حمام -80 سم,0,2.000,2.000
MD20627,خلاط دوش كروم,8,10.000,2.000
LG40368, حوض وجه برسلين مشطوف 80 سم ,0,-2.000,-2.000
CD40010,مسطرة دوش زوجية كروم,0,-2.000,-2.000
ML10898,خلاط حوض وجه كروم,0,2.000,2.000
ALVM50203,رأس سيفوني رخامي,1,-1.000,-2.000
RFP1373,"فسيبلي "" 1/2 أنثى * ""1/2 أنثى 60سم",35,37.000,2.000
LG40361,حوض وجه برسلين 60 سم,1,3.000,2.000
ML10001,خلاط حوض وجه كروم ,5,7.000,2.000
ML10055,خلاط حوض وجه مضيء كروم,0,-1.000,-1.000
PD20125,حاجز دوش 8 مم  مضبب90  سم,0,-1.000,-1.000
ARSB80312,مخرج شطاف كروم,8,9.000,1.000
AM0120,دولاب حمام 100 سم أبيض,0,-1.000,-1.000
ARSB80085,شطاف ظغط دائري مع طوبو كروم,4,5.000,1.000
AB10104,خزانة حمام أبيض ,0,-1.000,-1.000
ML10028,خلاط حوض وجه كروم ,0,1.000,1.000
VS10140,حوض وجه معلق -90 سم,0,1.000,1.000
PD20124,حاجز دوش 8 مم  مضبب80  سم,0,-1.000,-1.000
EG30248,حوض مطبخ جرانيت أبيض محبب 70*50 ,-1,-2.000,-1.000
SI10138,سلكون  280 غرام أبيض التاج,20,21.000,1.000
PS20183,علاقة مناشف كروم,0,1.000,1.000
ARSB80984,"مسكر شطافة ""1/2"" * ""1/2 كروم",2,1.000,-1.000
ARSB80083,شطاف ظغط دائري مع طوبو كروم,7,8.000,1.000
MD20020,خلاط دوش مع سماعة كروم,-1,0,1
ML10301,خلاط حوض وجه  كروم,1,0.000,-1.000
AB10360,خزانة حمام أبيض ,-1,-2.000,-1.000
ARSB80087,شطاف ظغط مربع مع طوبو كروم,0,1.000,1.000
ARSB80300,"مسكر شطافة ""1/2"" * ""1/2 كروم",-2,-1.000,1.000
EG40371,رف حوض وجه برسلين 80 سم,1,0.000,-1.000
PE30471,ورق سنفرة 9بوصة 6فتحات ,200,199.000,-1.000
ML10094,خلاط حوض وجه  كروم,3,4.000,1.000
VS10200,حوض وجه معلق -80 سم,-2,-1.000,1.000
MF20461,مراية حمام 80 سم,0,-1.000,-1.000
ARSB8079,مصب دوش طويل بتحويلة كروم,0,1.000,1.000
ML10822,خلاط حوض وجه أسود,0,1.000,1.000
CD40103,مسطرة دوش زوجية كروم,0,-1.000,-1.000
ML30422,مرايا حمام مع إضاءة لد 80*60 سم,1,0.000,-1.000
ML30105,مرايا حمام مع إضاءة لد 80*60 سم,0,1.000,1.000
WS10481,مقعد معلق رايملس أبيض ,0,1.000,1.000
ALVM50194,رأس سيفوني ذهبي,0,-1.000,-1.000
AM40226,مراية دولاب حمام -70 سم ,2,3.000,1.000
ML10024,خلاط حوض وجه  15 سم كروم ,0,-1.000,-1.000
VS10208,حوض وجه معلق أبيض -60سم,0,-1.000,-1.000
AM0359,حوض وجه  دولاب حمام -80 سم,-1,-2.000,-1.000
RA20468,"سنيسكا 25"" اسود مربع",7,6.000,-1.000
PLSA0219,وردة ذهبي,3,2.000,-1.000
WS10164,مقعد معلق رايملس أبيض ,2,3.000,1.000
AM40044,مراية دولاب حمام لد -80 سم ,1,0.000,-1.000
PLSA0403,وردة كروم,12,13.000,1.000
ARSB80662,مخرج شطاف مع علاق كروم,13,12.000,-1.000
ATWC50244,مثبت مقعد أرضي,17,16.000,-1.000
ML10051,خلاط حوض وجه أسود ,0,1.000,1.000
MC10069,مجرى 40 سم 6* سم ذهبي,0,1.000,1.000
ML10076,خلاط حوض وجه ذهبي ,3,4.000,1.000
PS20142,علاقة مناشف أسود,0,-1.000,-1.000
MC10065,مجرى 30سم *7 سم كروم,0,1.000,1.000
ML30121,مرايا حمام مع إضاءة لد 90 سم,0,-1.000,-1.000
ARSB80066,كسكاس دوش مربع 300*300 مم مع قصبة كروم,0,1.000,1.000
EL10006,حوض مطبخ ستانلس ستيل AS248 50*81,0,1.000,1.000
ARSB80297,سماعة دوش مع طوبو ذهبي,0,1.000,1.000
ML30080,مرايا حمام مع إضاءة لد 80*60 سم,0,-1.000,-1.000
MDE50004,خلاط دوش مدفون مع مصب وقصبة وكسكاس ذهبي,2,3.000,1.000
AASB30102,موزع صابون كروم,0,-1.000,-1.000
MD20300,خلاط دوش أسود,0,1.000,1.000
MLE40153,خلاط حوض وجه مدفون مع مَصَب كروم,1,2.000,1.000
EL10243,حوض مطبخ ستانلس ستيل منظومة بيانو 304 75*46 كروم,5,4.000,-1.000
EL10137,حوض مطبخ ستانلس ستيل   304 70 * 45 سم,2,1.000,-1.000
WA40482,غطاء مقعد أبيض,0,-1.000,-1.000
ME10624,خلاط حوض المطبخ شجرة رصاصي,15,14.000,-1.000
ALVM50021,رأس سيفوني حوض الوجه طويل ذهبي,1,2.000,1.000
CD40095,مسطرة دوش زوجية كروم,0,-1.000,-1.000
EG30770,حوض مطبخ جرانيت أسود  100*50 ,0,-1.000,-1.000
LG40375, حوض وجه برسلين مشطوف 80 سم ,1,0.000,-1.000
PLSA0265,وردة كروم,3,2.000,-1.000
AM0421,حوض وجه مع دولاب حمام -80 سم,1,0.000,-1.000
MT30063,خلاط شطاف مع شطاف كروم ,0,1.000,1.000
MA20021,خلاط حوض المطبخ سحاب ذهبي,0,1.000,1.000
MT30015,خلاط شطاف مع شطاف كروم,0,1.000,1.000
EG40360,رف حوض وجه برسلين 65 سم,4,5.000,1.000
ML10159,خلاط حوض وجه كروم,0,-1.000,-1.000
AECU50134,سيفون حوض المطبخ,1,0.000,-1.000
PS20134,علاقة مناشف متحركة كروم,7,6.000,-1.000
ARSB80360,قصبة دوش 35 سم كروم,1,0.000,-1.000
LG40374, حوض وجه برسلين 80 سم ,2,1.000,-1.000
ML10012,خلاط حوض وجه كروم ,0,-1.000,-1.000
AASB30096,رف زاوية ثلاثي كروم,2,1.000,-1.000
CD40114,مسطرة دوش لاد مع خلاط ذهبي,2,1.000,-1.000
EL10235,حوض مطبخ ستانلس ستيل   304  كروم,0,-1.000,-1.000
MA20018,خلاط حوض المطبخ سحاب كروم,0,-1.000,-1.000
LG40318, حوض وجه برسلين مشطوف 80 سم ,1,2.000,1.000
EG30249,حوض مطبخ جرانيت رصاصي محبب 90*50 ,3,4.000,1.000
AM40361,مراية دولاب حمام -80 سم ,-1,-2.000,-1.000
AECU50057,صابونية حوض مطبخ أسود,19,20.000,1.000
AB10107,خزانة حمام أبيض ,0,-1.000,-1.000
ML10016,خلاط حوض وجه كروم,0,1.000,1.000
PS20006,علاقة مناشف كروم,1,0.000,-1.000
ARSB80826,كسكاس دوش دائري 250 مم مع قصبة كروم,11,12.000,1.000
EG30251,حوض مطبخ جرانيت أسود محبب 70*50 ,0,1.000,1.000
RD30308,حوض قدم مستطيل اكريليك 100*70,0,-1.000,-1.000
ARSB80157,شطاف ظغط دائري مع طوبو كروم,0,1.000,1.000
ALVM50035,سيفون حوض الوجه كروم,1,0,-1
MT30059,خلاط شطاف مع شطاف كروم ,1,0,-1
ART0396,سيفون حوض الوجه كروم,-7,-8.000,-1.000
LG40323,حوض وجه برسلين 65 سم,2,3.000,1.000
MC10310,سرفنتينة 15 سم * 15 سم كروم ,1,0.000,-1.000
ML10382,خلاط حوض وجه  كروم,1,0.000,-1.000
AECU50200,سيفون حوض المطبخ,2,1.000,-1.000
AM0460,دولاب حمام 80 سم,0,-1.000,-1.000
ALVM50055,سيفون حوض الوجه طويل كروم,1,2.000,1.000
AASB30006,موزع صابون كروم,1,0.000,-1.000
LG40081,قاعدة حوض وجه برسلين 90 سم,4,3.000,-1.000
CE10261,سخانة 30 لتر,3,4.000,1.000
MDE50046,خلاط دوش مدفون كروم ,-1,-2.000,-1.000
AM0358,دولاب حمام 80 سم أبيض,-1,-2.000,-1.000
VS10136,حوض وجه معلق -100 سم,0,1.000,1.000
WS10590,مقعد معلق رايملس رصاصي ,10,11.000,1.000
ARSB80174,سماعة دوش مع طوبو كروم,1,2.000,1.000
ARSB80198,مصب دوش مع تحويلة كروم,0,-1.000,-1.000
LG40155, حوض وجه برسلين مشطوف لد 80 سم,2,1.000,-1.000
ALVM50207,رأس سيفوني كروم,0,1.000,1.000
ALVM50139,رأس سيفوني كروم,2,3.000,1.000
ARSB80150,مصب حوض وجه 22 سم كروم,1,2.000,1.000
WP20162,مقعد أرضي ملحوم ذهبي رخامي,24,23.000,-1.000
MT30301,خلاط شطاف أسود ,1,2.000,1.000
ARSB80216,وجه خلاط دوش مدفون,6,7.000,1.000
LG40325, حوض وجه برسلين مشطوف 80 سم ,1,2.000,1.000
ATWC50450,غطاء خزان,0,1.000,1.000
ML30380,مرايا حمام مع إضاءة لد دائرية بالعلاقة مع اطار أسود 60سم,0,-1.000,-1.000
VS10462,حوض وجه معلق 80 سم,1,0,-1
MD20023,خلاط دوش كروم,2,3.000,1.000
EG40358,رف حوض وجه برسلين 65 سم,3,4.000,1.000
EL10003,حوض مطبخ ستانلس ستيل   304  كروم,0,-1.000,-1.000
ARSB80817,شطاف ظغط دائري مع طوبو كروم,0,-1.000,-1.000
ARSB80249,مخرج شطاف مع علاق أسود,0,1.000,1.000
ML30281,مرايا حمام مع إضاءة لد 80*60 سم,12,11.000,-1.000
WS10792,مقعد معلق أبيض,1,0,-1
WP20803,مقعد أرضي أبيض,2,1.000,-1.000
ARSB80030,شطاف ظغط دائري مع طوبو كروم,0,1.000,1.000
EG40375,رف حوض وجه برسلين 80 سم,2,1.000,-1.000
ARSB80381,كسكاس دوش دائري 250 مم كروم,0,-1.000,-1.000
EG40346,رف حوض وجه برسلين 80 سم,1,2.000,1.000
MD20163,خلاط دوش أسود,0,1.000,1.000
MDE50005,خلاط دوش مدفون مع مصب وقصبة وكسكاس برنزي,-1,0,1
WP20179,مقعد أرضي ملحوم ذهبي ,1,2.000,1.000
AASB30176,حاملة فوط أسود,1,0.000,-1.000
VS10186,حوض وجه معلق -100 سم,-1,0,1
VS10202,حوض وجه معلق -60 سم,2,1.000,-1.000
EG30195,حوض مطبخ جرانيت رملي محبب 90*50 ,2,3.000,1.000
RD30309,حوض قدم مستطيل زاوية يسار اكريليك 120*80*14,0,-1.000,-1.000
AB10420,خزانة حمام 120*24*20,1,0.000,-1.000
AM0135,دولاب حمام 100 سم أبيض,0,1.000,1.000
ML10097,خلاط حوض وجه طويل كروم,1,2.000,1.000
AECU50100,سيفون حوض المطبخ,2,1.000,-1.000
RE10004,حنفية حوض المطبخ شجرة كروم,0,1.000,1.000
ARSB80248,مخرج شطاف مع علاق ذهبي,2,3.000,1.000
RFP1780,"فسيبلي خلاط مطبخ شجرة (2طرف) ""1/2أنثى 60سم",0,-1.000,-1.000
PLSA0234,"نبلس ""1/2 * ""1/2 كروم",60,59.000,-1.000
CD40007,مسطرة دوش زوجية ذهبي,-1,0.000,1.000
SA10206,طقم اكسسوار كروم,0,-1.000,-1.000
VS10822,حوض وجه معلق أبيض60,55,54.000,-1.000
ML10008,خلاط حوض وجه أسود,2,1.000,-1.000
WS10596,مقعد معلق رايملس أبيض ,2,3.000,1.000
MD20003,خلاط دوش كروم,-1,-2.000,-1.000
MDE50052,خلاط دوش مدفون ثلاثي كروم,2,3.000,1.000
MC10014,مجرى 60 سم *6 سم كروم,6,5.000,-1.000
MC10066,مجرى 30سم *7 سم كروم,2,3.000,1.000
ARSB80217,وجه خلاط شطاف مدفون كروم,4,5.000,1.000
ARSB80086,شطاف ظغط دائري مع طوبو أسود,0,-1.000,-1.000
ARSB80394,قصبة دوش 28 سم كروم,0,-1.000,-1.000
ALVM50395,رأس سيفوني كروم,0,-1.000,-1.000
ALVM50526,رأس سيفوني كروم,0,1.000,1.000
MTE60050,خلاط شطاف مدفون كروم ,1,0.000,-1.000
ALVM50012,سيفون حوض الوجه ذهبي,2,1.000,-1.000
ML10009,خلاط حوض وجه أسود,1,0.000,-1.000
EL10237,حوض مطبخ ستانلس ستيل   304 50*50 كروم,0,-1.000,-1.000
ML30108,مرايا حمام مع إضاءة لد 80*60 سم,0,-1.000,-1.000
EG40345,رف حوض وجه برسلين 80 سم,1,2.000,1.000
ML30137,مرايا حمام مع إضاءة لد 100*80 سم,0,1.000,1.000
MA20002,خلاط حوض المطبخ سحاب أسود,1,0,-1
ARSB80500,شطاف ظغط مربع مع طوبو كروم,9,8.000,-1.000
ML10030,خلاط حوض وجه طويل 17 سم كروم,0,-1.000,-1.000
ARSB80657,شطاف ظغط مربع مع طوبو كروم,2,3.000,1.000
LG40324,حوض وجه برسلين 65 سم,2,3.000,1.000
RD30307,حوض قدم خزف مربع 80*80 سم,-1,-2.000,-1.000
MTE60032,خلاط شطاف مدفون كروم ,10,11.000,1.000
AECU50056,صابونية حوض مطبخ كروم,6,7.000,1.000
ML30109,مرايا حمام مع إضاءة لد 80*60 سم,0,1.000,1.000
EL10005,حوض مطبخ ستانلس ستيل   304,0,1.000,1.000
EG40082, رف حوض وجه برسلين 90 سم ,5,4.000,-1.000
WS10015,صندوق مقعد معلق أبيض,6,7.000,1.000
ALVM50870,سيفون حوض الوجه كروم,5,6.000,1.000
AASB30778,حاملة ورق ناعم أسود,-2,-3.000,-1.000
ARSB80082,شطاف ظغط مربع مع طوبو كروم,2,1.000,-1.000
AM0106,حوض وجه مع دولاب حمام -80 سم,0,-1.000,-1.000
VS10177,حوض وجه معلق أبيض,0,1.000,1.000
ML10813,خلاط حوض وجه  كروم,0,1.000,1.000
VP20119,حوض وجه فوق الرخام 100 سم أبيض,0,-1.000,-1.000
AM0183,حوض وجه مع دولاب حمام -80 سم,0,1.000,1.000
CC10189,صليبة سن ذكر 100 قطعة,0,1.000,1.000
