id,proforma_id,product_code,product_name,qty,unit_price,line_total
6561245d-6b89-5858-ac18-e3df79d0a957,223ea701-4eda-ecd2-c3b8-429bd7fcd6c9,RA20024,"مثلث 25* 1/2"" سن داخلي",7,8.000,56.000
9954b98f-3dbf-7c95-43f0-e7cd364a3496,373c83a5-c16a-cb61-fa89-78cc2da8a80b,MA20115,خلاط حوض المطبخ سحاب أسود,1,300.000,300.000
e0cf5229-b5f6-6035-04aa-add2c4b8c2c0,373c83a5-c16a-cb61-fa89-78cc2da8a80b,MA20122,خلاط حوض المطبخ سحاب كروم,1,450.000,450.000
5554feee-c69a-a404-245e-bb06c46e47a9,373c83a5-c16a-cb61-fa89-78cc2da8a80b,MA20120,خلاط حوض المطبخ سحاب أسود,1,450.000,450.000
2f75e321-a58e-32f0-5288-f292dbf4cb3e,ce08ee5c-bd75-2f6e-9acf-e81230439172,AECU50199,سيفون حوض المطبخ,1,50.000,50.000
5c09e742-cee7-4e38-ba22-a8e024c49663,87a1c713-bc79-3405-d19c-6e2031c5f984,ARSB80100,مصب دوش مع تحويلة أسود,1,110.000,110.000
5d51c452-e278-de48-2b4c-8ac50ede2c9f,87a1c713-bc79-3405-d19c-6e2031c5f984,P30111,بدل كورة,1,130.000,130.000
4dac3684-f853-1ce7-edda-26e26e212b88,3754219d-15ff-84ba-4c85-29d7ae5e70a1,ARSB80316,مخرج شطاف مع علاق كروم,1,50.000,50.000
c4035af9-c10f-a545-9465-e1a578518283,3754219d-15ff-84ba-4c85-29d7ae5e70a1,RO10287,مسكر زاوية  ''1/2 * ''1/2 كروم,1,31.000,31.000
07dabd12-6a88-a99e-45d7-692d3264fd50,3754219d-15ff-84ba-4c85-29d7ae5e70a1,ML10026,خلاط حوض وجه  15 سم أسود,2,300.000,600.000
fc0bdf86-7002-ba5a-22e7-8b7cea546b30,90cb4cc1-e32f-4570-9adc-40e677d75358,MTE60050,خلاط شطاف مدفون كروم,3,320.000,960.000
0816215c-c6cd-85fe-a69e-5c1e3875a366,90cb4cc1-e32f-4570-9adc-40e677d75358,ARSB80012,كسكاس دوش مربع 250*250 مم كروم,3,230.000,690.000
a074d69e-f0c8-2b8c-6c2f-77c06532ec03,90cb4cc1-e32f-4570-9adc-40e677d75358,ARSB80106,مصب دوش قصير بدون تحويلة كروم,1,250.000,250.000
eab434b1-ff03-98aa-2ee3-8d02397d56fa,90cb4cc1-e32f-4570-9adc-40e677d75358,ML30280,مرايا حمام مع إضاء لد 80*60 سم,1,120.000,120.000
471d23a7-1914-8fa8-36f2-b0c14a51f5c7,373c83a5-c16a-cb61-fa89-78cc2da8a80b,MA20124,خلاط حوض المطبخ سحاب أسود,1,400.000,400.000
cfe7b356-47d1-25f7-6f62-4fc72b7fb465,223ea701-4eda-ecd2-c3b8-429bd7fcd6c9,RA20015,"وصلة 25* 1/2"" سن خارجي",13,7.500,97.500
d7a16d74-e229-e4b5-ac92-0d2b86ae7549,90cb4cc1-e32f-4570-9adc-40e677d75358,ARSB80105,مصب دوش مع تحويلة كروم,2,450.000,900.000
fd67310a-adab-d8f2-7bff-457879839b02,90cb4cc1-e32f-4570-9adc-40e677d75358,ARSB80298,سماعة دوش مع طوبو كروم,2,240.000,480.000
9ae1248b-119a-615c-9b85-b784730fdd90,90cb4cc1-e32f-4570-9adc-40e677d75358,ARSB80175,مخرج شطاف مع علاق كروم,3,200.000,600.000
c894eca9-debf-15ff-3667-78c0ee2ecebb,90cb4cc1-e32f-4570-9adc-40e677d75358,ARSB80112,قصبة دوش مربعة 43 سم كروم,3,70.000,210.000
e599f622-c02b-11ba-8120-69f9633170ff,90cb4cc1-e32f-4570-9adc-40e677d75358,ML10001,خلاط حوض وجه كروم,3,500.000,1500.000
64f58df3-bb33-3c9d-95c9-53e3e51ebec4,90cb4cc1-e32f-4570-9adc-40e677d75358,WP20156,مقعد أرضي ملحوم تورىيدو أبيض,1,750.000,750.000
d27a7967-8acd-9722-f979-3c5f8c4ae491,90cb4cc1-e32f-4570-9adc-40e677d75358,WP20161,مقعد أرضي ملحوم رصاصي رخامي,1,870.000,870.000
bb270293-66ca-b0e0-9f0f-9c82310a3c98,90cb4cc1-e32f-4570-9adc-40e677d75358,WP20158,مقعد أرضي ملحوم طويل أبيض,1,650.000,650.000
4428f836-ce05-4af8-9538-8a97c9247241,90cb4cc1-e32f-4570-9adc-40e677d75358,LG40371,حوض وجه برسلين مشطوف مع رف 80 سم,1,750.000,750.000
2be335a8-59b5-e450-0f69-ec4e0d628825,90cb4cc1-e32f-4570-9adc-40e677d75358,ART0226,سرفنتينة 15 سم * 15 سم كروم,4,85.000,340.000
17f9a329-b5a4-bd81-3af0-3765b9dc2ddd,90cb4cc1-e32f-4570-9adc-40e677d75358,PD20437,حاجز دوش 10 مم اطار كروم منقط 80 سم,1,575.000,575.000
d7d83e4a-e123-61d4-cccb-37db39844481,90cb4cc1-e32f-4570-9adc-40e677d75358,MI10050,مراية تجميل مكبرة,1,350.000,350.000
ff71f1e3-692f-1c84-cf09-be654cb36d3e,90cb4cc1-e32f-4570-9adc-40e677d75358,ALVM50405,سيفوني كروم,1,100.000,100.000
c9103d71-acf5-070e-d16d-19139ddb4c76,223ea701-4eda-ecd2-c3b8-429bd7fcd6c9,RA20017,"وصلة 25* 3/4"" سن خارجي",2,8.500,17.000
d7ac3718-bb1d-5f13-50a0-1f783cb45602,90cb4cc1-e32f-4570-9adc-40e677d75358,MC10257,مجرى 40 سم *6 سم كروم,3,190.000,570.000
9c516188-24bd-7313-719e-9ed4d1becc1e,12deaaec-af73-b633-697e-873058c795ba,RA30055,طوبو2'' 6 متر,3,45.000,135.000
2b9f606f-bb18-bc57-5293-66cbf66695fa,12deaaec-af73-b633-697e-873058c795ba,RA30010,"كوربة 4"" 45°",25,20.000,500.000
fbd24778-b2f1-5903-f9a0-cb83a9d71770,12deaaec-af73-b633-697e-873058c795ba,RA30023,"كوربة باب 4"" 87.5°",8,25.000,200.000
f227c9b2-0d31-ab9a-37be-e01d2ad08153,12deaaec-af73-b633-697e-873058c795ba,RA30013,"كوربة اس (2 قطع) 4"" 45°",7,40.000,280.000
a0be2f4e-3557-948d-1ede-43700ca687ee,12deaaec-af73-b633-697e-873058c795ba,RA30058,"وصلة 4""",8,10.000,80.000
0674f4ef-0020-781a-979e-a68301b213f2,12deaaec-af73-b633-697e-873058c795ba,RA30016,"كوربة 2"" - 45°",10,6.500,65.000
f5bfee3d-f7b6-4af6-d4d5-1b3d435a2f0b,12deaaec-af73-b633-697e-873058c795ba,RA30048,"مخفض 4"" * 2""",10,13.000,130.000
b6e9424e-5eda-35cb-8a16-064306d69f21,12deaaec-af73-b633-697e-873058c795ba,RA30018,"كوربة 1.5"" - 45°",50,4.000,200.000
618923a7-d878-ab38-c066-de6ce7f1a93b,12deaaec-af73-b633-697e-873058c795ba,RA30017,"كوربة 1.5"" - 90°",25,4.000,100.000
1fcf8930-8371-a25f-cab6-3e7331300e41,12deaaec-af73-b633-697e-873058c795ba,RA30034,"مثلث 1.5"" 90°",3,6.000,18.000
247b2465-eb07-b0eb-9ffa-8de6d0c51f8b,12deaaec-af73-b633-697e-873058c795ba,RA30026,"واي 4"" 45°",8,37.000,296.000
d1d4bb41-ff16-0a6e-2acb-4e853c067f58,12deaaec-af73-b633-697e-873058c795ba,RA30046,"مجمع 2"" 1.5"" 1.5"" 1.5""",6,26.000,156.000
a55b221f-b0b2-886f-2e08-b39ed95d530c,12deaaec-af73-b633-697e-873058c795ba,RA30001,طوبو1'' 6 متر,10,31.000,310.000
63c57ea4-1189-06db-5916-ea24df35b113,12deaaec-af73-b633-697e-873058c795ba,RA30032,"وصلة 1""",10,3.200,32.000
d24c8f74-a2d0-d7c2-d60a-f5c387dbaddc,223ea701-4eda-ecd2-c3b8-429bd7fcd6c9,RA20014,"وصلة 25* 1/2"" سن داخلي",6,7.000,42.000
4f066648-34a4-e6b8-4352-a65d5206a1af,12deaaec-af73-b633-697e-873058c795ba,RA20040,"مخفض 32""* 25"" لحام",11,1.900,20.900
15cb8a53-ce9b-1afa-1c52-6bea51d4d1b9,12deaaec-af73-b633-697e-873058c795ba,RA20009,"كوع 25 *  1/2"" سن خارجي",8,7.800,62.400
cc6b5234-f415-8d11-b5ad-d2793b37083f,12deaaec-af73-b633-697e-873058c795ba,RA20015,"وصلة 25* 1/2"" سن خارجي",25,9.000,225.000
1b5a2d05-5621-d63e-0eb8-c5173eb35c93,12deaaec-af73-b633-697e-873058c795ba,RA20017,"وصلة 25* 3/4"" سن خارجي",8,8.900,71.200
4734379b-0f45-b2ba-2aec-5dd043a1f248,12deaaec-af73-b633-697e-873058c795ba,RA20035,"سنيسكا 25"" قصيرة طربوش",11,52.000,572.000
98f1b5b1-bc17-4176-aca0-6824ea16a757,12deaaec-af73-b633-697e-873058c795ba,RA20078,صرباص 25,40,3.000,120.000
ce481ce0-e1c8-4f02-4f57-ebdbeb75e217,12deaaec-af73-b633-697e-873058c795ba,RA20013,"وصلة 25"" لحام",20,1.500,30.000
1beadde0-acfe-dde9-4583-4917f7f36895,12deaaec-af73-b633-697e-873058c795ba,RA20002,"كوع 25"" - 45 لحام",80,1.500,120.000
7794d819-5304-4c29-c348-fa2c459e8dac,12deaaec-af73-b633-697e-873058c795ba,RA20025,"مثلث 25* 3/4"" سن داخلي",60,8.500,510.000
4b4cb602-bc25-a0ed-5bd1-b9097f16490e,12deaaec-af73-b633-697e-873058c795ba,RA20001,"كوع 25"" لحام",100,1.600,160.000
291b4aa4-134d-9373-49fa-692b74998d20,12deaaec-af73-b633-697e-873058c795ba,RA20008,"كوع 25* 1/2"" سن داخلي",100,6.800,680.000
0074b98c-94be-0046-99c8-c6f955468d50,12deaaec-af73-b633-697e-873058c795ba,RA20036,مواسير 25'' 4 متر,95,26.000,2470.000
dc72e270-9a68-3ba0-2948-560ca786c1ee,12deaaec-af73-b633-697e-873058c795ba,MTE60009,خلاط شطاف مدفون كروم,8,350.000,2800.000
a83dd349-b2f7-074a-2e00-bc5268a67312,12deaaec-af73-b633-697e-873058c795ba,MDE50008,خلاط دوش مدفون كروم,8,480.000,3840.000
f250ceef-2d64-2261-7692-84c12d1740c7,223ea701-4eda-ecd2-c3b8-429bd7fcd6c9,RA20013,"وصلة 25"" لحام",15,1.500,22.500
e159664a-eb56-ee47-2cd8-d6c79d5fd253,223ea701-4eda-ecd2-c3b8-429bd7fcd6c9,RA20033,"سنيسكا 25"" ليفة",1,25.000,25.000
1bd26118-ae49-6af6-7db5-dd93d4896cfb,223ea701-4eda-ecd2-c3b8-429bd7fcd6c9,RA20034,"سنيسكا 25"" كروم",9,60.000,540.000
142921a6-9ea9-52f4-bee1-0ab7e882b5a2,223ea701-4eda-ecd2-c3b8-429bd7fcd6c9,RA20047,"طابة تجربة 25"" لحام",30,1.500,45.000
ce6acf79-486e-e88c-95c7-a1080eef37ae,223ea701-4eda-ecd2-c3b8-429bd7fcd6c9,AETS20004,تفلون 19 مم * 15 متر * 0.20 مم,5,8.000,40.000
cd7cc757-4aa4-080e-2b0f-f71ac2786e27,223ea701-4eda-ecd2-c3b8-429bd7fcd6c9,PLSA0234,"نبلس ""1/2 * ""1/2 كروم",2,8.750,17.500
6477fd9f-3886-a5f9-e774-31872b79f415,223ea701-4eda-ecd2-c3b8-429bd7fcd6c9,RFP1424,"فسيبلي "" 1/2 أنثى * ""1/2 أنثى 40سم",2,19.000,38.000
3a762e12-c6cf-a2e9-eeb2-55bdc63f0eeb,223ea701-4eda-ecd2-c3b8-429bd7fcd6c9,RA20036,مواسير 25'' 4 متر,30,27.500,825.000
b0c3641e-efae-09b4-fb90-65c1bd6a78f9,223ea701-4eda-ecd2-c3b8-429bd7fcd6c9,RA20008,"كوع 25* 1/2"" سن داخلي",30,6.500,195.000
2ab47e67-777f-2427-ba33-3d41c9d17e18,b1c4b9bc-bb97-a670-854c-1acbc4a82361,ARSB80214,"مسكر شطافة ""1/2"" * ""1/2 كروم",1,60.000,60.000
1fd454f7-5e8a-f760-196b-1892036541e7,b1c4b9bc-bb97-a670-854c-1acbc4a82361,PLSA0270,وردة كروم,1,5.000,5.000
dbae2792-b425-de3f-2d07-105f1d24e466,b1c4b9bc-bb97-a670-854c-1acbc4a82361,APCI40229,مطول 1/2 *10 سم كروم,1,6.000,6.000
affb33d3-5b70-0bd2-3cf0-bc9ce6cf6321,b1c4b9bc-bb97-a670-854c-1acbc4a82361,AETS20004,تفلون 19 مم * 15 متر * 0.20 مم,1,8.000,8.000
53789f89-9822-9af6-9c73-0c115b2d1f00,b1c4b9bc-bb97-a670-854c-1acbc4a82361,ARSB80994,كسكاس دوش مربع 300*300 مم مع قصبة كروم,1,190.000,190.000
457f9faa-3065-12da-6059-2616bb4c7035,90cb4cc1-e32f-4570-9adc-40e677d75358,MDE50046,خلاط دوش مدفون كروم,3,450.000,1350.000
d775b4f5-587a-c872-c8e3-0d1d613ab35e,b1c4b9bc-bb97-a670-854c-1acbc4a82361,ARSB80270,مصب دوش مع تحويلة كروم,1,140.000,140.000
6b919db3-be44-0a6d-ae62-f779c03baa38,b1c4b9bc-bb97-a670-854c-1acbc4a82361,ARSB80004,مخرج شطاف كروم بالعلاقة,1,170.000,170.000
0e37bf1d-0ea8-1548-8e00-9264ae028f10,b1c4b9bc-bb97-a670-854c-1acbc4a82361,ARSB80040,شطاف ظغط مربع مع طوبو كروم,1,240.000,240.000
718b981a-2238-b8e6-38d2-b67737666313,b1c4b9bc-bb97-a670-854c-1acbc4a82361,ML10006,خلاط حوض وجه كروم,1,340.000,340.000
160c8f58-86ee-74c1-7757-6885541e8728,b1c4b9bc-bb97-a670-854c-1acbc4a82361,ALVM50032,سيفون حوض الوجه كروم,1,120.000,120.000
75eaac45-063a-ac60-c96d-e6ab35649522,b1c4b9bc-bb97-a670-854c-1acbc4a82361,RA20582,"مخفض قومه 1.5"" * 1.25",1,7.000,7.000
b7fd69df-354e-4883-26f1-384782402080,b1c4b9bc-bb97-a670-854c-1acbc4a82361,ACE20242,مثبت سخانة,1,7.000,7.000
71b7d3e9-4d46-1d90-93ad-0f9d896ed082,b1c4b9bc-bb97-a670-854c-1acbc4a82361,SI10176,سلكون  280 غرام شفاف,1,15.000,15.000
65d75abd-274e-f4b1-cb92-b4f26816394d,b1c4b9bc-bb97-a670-854c-1acbc4a82361,VS10155,حوض وجه معلق -65 سم,1,325.000,325.000
7e7cd80e-cf0f-94fc-37b7-fa185eebc0a8,b1c4b9bc-bb97-a670-854c-1acbc4a82361,WS10170,مقعد معلق رايملس أبيض,1,820.000,820.000
4bef7484-fbc2-cce3-03a5-c4c480a377a5,b1c4b9bc-bb97-a670-854c-1acbc4a82361,ML30088,مرايا حمام مع إضاءة لد 50*70 سم,1,140.000,140.000
f27de8d1-dd60-8213-2210-f2e56c6df4f7,b1c4b9bc-bb97-a670-854c-1acbc4a82361,ALVM50240,مثبت حوض الوجه,1,5.000,5.000
4966370c-5a86-2ab0-b20a-0d4215122ed8,aadd931f-08ec-f3a7-5916-274a4194f4eb,ALVM50206,سيفون حوض الوجه كلك,6,25.000,150.000
8e65cc12-6957-a11e-1c18-ec92a5ae8221,aadd931f-08ec-f3a7-5916-274a4194f4eb,VS10462,حوض وجه معلق 80 سم,6,430.000,2580.000
d9a2542d-bbf2-43ea-9574-438dabf8c1f3,aefad67c-02db-ff0d-8b22-b5001f9a54ce,ML10492,خلاط حوض وجه كروم,45,420.000,18900.000
8dd1a021-3fed-788c-efb0-33238063bf87,aefad67c-02db-ff0d-8b22-b5001f9a54ce,ARSB80493,قصبة دوش مربعة 30 سم كروم,90,75.000,6750.000
c195cb59-98cb-ee97-caa8-4cf932367199,aefad67c-02db-ff0d-8b22-b5001f9a54ce,ME10496,خلاط حوض المطبخ شجرة كروم,45,400.000,18000.000
e907c627-52f4-9322-f45c-109393d52e27,aefad67c-02db-ff0d-8b22-b5001f9a54ce,P30499,مضخة 2.5,1,1750.000,1750.000
cc9eb4e1-bf84-ab60-2207-a907f618c21a,aadd931f-08ec-f3a7-5916-274a4194f4eb,WP20159,مقعد أرضي ملحوم سداسي أبيض,6,500.000,3000.000
1ae7e237-6e44-2e9a-97fc-fa08405239d7,aadd931f-08ec-f3a7-5916-274a4194f4eb,ML30280,مرايا حمام مع إضاءة لد 80*60 سم,6,140.000,840.000
233ff13e-db83-c0be-0719-9dae582516fe,aadd931f-08ec-f3a7-5916-274a4194f4eb,ART0023,صابونية كروم,6,90.000,540.000
c93988d2-6436-6365-1719-7f98bdf0fb29,aadd931f-08ec-f3a7-5916-274a4194f4eb,AASB30059,حاملة فرشاة أسنان كروم,6,90.000,540.000
facd37a5-6335-86ba-531c-02f85bdf5fb9,aadd931f-08ec-f3a7-5916-274a4194f4eb,PS20760,علاقة مناشف مع رف كروم,6,70.000,420.000
ab5a0628-44bb-2d07-c7a8-f9ac357ba218,aadd931f-08ec-f3a7-5916-274a4194f4eb,ML10017,خلاط حوض وجه كروم,6,230.000,1380.000
7dac1228-81e6-7cab-f378-1ea701e93778,aefad67c-02db-ff0d-8b22-b5001f9a54ce,ML10495,خلاط حوض وجه كروم,90,480.000,43200.000
3375c714-1970-cab0-6891-3c8172fb4fba,aefad67c-02db-ff0d-8b22-b5001f9a54ce,CE10498,سخانة 50 لتر,45,650.000,29250.000
6bf82e4a-7965-f409-776b-0f5935e3e19b,42b879cf-0835-c715-c4ed-dc03c5e87243,PSB10826,حوض وجه مع دولاب حمام مع مراية مضيئة -80 سم,1,1170.000,1170.000
8b9b0073-256c-dce1-5424-1c72f6bb8ea8,42b879cf-0835-c715-c4ed-dc03c5e87243,PSB10398,حوض وجه مع دولاب حمام مع مراية -65سم,1,750.000,750.000
3bfe08f3-27a6-ea17-50c4-4135c40d9cf8,42b879cf-0835-c715-c4ed-dc03c5e87243,PD20458,حاجز دوش 8 مم  مخطط 90*190  سم أسود,1,600.000,600.000
d1d903d8-5523-fe0f-cb8f-275f58695587,42b879cf-0835-c715-c4ed-dc03c5e87243,PD20435,حاجز دوش 10 مم اطار كروم مضبب100  سم,1,725.000,725.000
562cff62-5ba2-bdcc-14cf-974afe253838,42b879cf-0835-c715-c4ed-dc03c5e87243,WS10431,مقعد معلق رايملس أبيض,3,550.000,1650.000
bc79fcaf-0044-6dd6-e8cc-08cbb36ae274,42b879cf-0835-c715-c4ed-dc03c5e87243,ARSB80431,كسكاس دوش مربع  300*300 مم كروم مع قصبة,3,450.000,1350.000
a4b32416-bcde-e090-f76b-75d1ddc16a53,42b879cf-0835-c715-c4ed-dc03c5e87243,ARSB80141,مصب دوش قصير بتحويلة كروم,3,380.000,1140.000
6ba8cc33-8f85-251f-e15e-1f5c79c2e81d,42b879cf-0835-c715-c4ed-dc03c5e87243,ARSB80451,سماعة دوش مع طوبو كروم,3,220.000,660.000
3f5e93a6-1fe2-7b70-6a25-52418c3c37b6,42b879cf-0835-c715-c4ed-dc03c5e87243,ARSB80433,مخرج شطاف مع علاق كروم,3,150.000,450.000
bc343abc-5771-5f4c-188c-d80b9e283ce5,42b879cf-0835-c715-c4ed-dc03c5e87243,ARSB80040,شطاف ظغط مربع مع طوبو كروم,3,240.000,720.000
61fc195e-600a-de65-9d3b-90deafb98965,42b879cf-0835-c715-c4ed-dc03c5e87243,LG40199,حوض وجه برسلين مشطوف مع رف 80 سم,1,750.000,750.000
c9c0438d-1e76-b5cd-27c3-abed70dce0a7,42b879cf-0835-c715-c4ed-dc03c5e87243,EG30770,حوض مطبخ جرانيت أسود  100*50,1,550.000,550.000
c8d7ee1c-a60e-9e25-6c51-b6587c56f7a5,42b879cf-0835-c715-c4ed-dc03c5e87243,CE10007,سخانة 80 لتر,3,430.000,1290.000
31aacb48-fdb6-4191-5e9c-b9597561d6e1,d1f60bc2-1e73-3872-da6a-7e66c4a37808,RA30058,"وصلة 4""",4,30.000,120.000
f5b95c18-e3bc-d84f-5364-ad92fe5d9888,d1f60bc2-1e73-3872-da6a-7e66c4a37808,MDE50045,خلاط دوش مدفون كروم,2,700.000,1400.000
8ea04c1a-de15-8cee-7297-234dba337200,d1f60bc2-1e73-3872-da6a-7e66c4a37808,RA20001,"كوع 25"" لحام",70,1.500,105.000
24e9a438-7804-25bc-7ba7-c6f1efe82bde,d1f60bc2-1e73-3872-da6a-7e66c4a37808,RA20023,"مثلث 25"" لحام",30,1.500,45.000
f015f67d-9c9a-b31a-6c53-25d3c982bb01,d1f60bc2-1e73-3872-da6a-7e66c4a37808,RA20078,صرباص 25,20,2.750,55.000
a89361c3-5ce2-997f-e9c7-c840a4a902cc,d1f60bc2-1e73-3872-da6a-7e66c4a37808,RA20013,"وصلة 25"" لحام",15,1.000,15.000
3f81b162-16a5-4790-ee50-7811db3fd5c9,d1f60bc2-1e73-3872-da6a-7e66c4a37808,RA20034,"سنيسكا 25"" كروم",5,88.000,440.000
1d63b75b-9be1-1d83-ebbd-8382d3f6ff92,d1f60bc2-1e73-3872-da6a-7e66c4a37808,RA20047,طابة تجربة 25 طويله,30,2.000,60.000
9f9024f6-65f8-41b7-3528-f31c6435a406,d1f60bc2-1e73-3872-da6a-7e66c4a37808,RA20008,"كوع 25* 1/2"" سن داخلي",30,7.500,225.000
362b3fd4-92b8-2dbd-70cf-bc0cae1b028a,d1f60bc2-1e73-3872-da6a-7e66c4a37808,RA20009,"كوع 25 *  1/2"" سن خارجي",20,8.000,160.000
f5593fda-4180-689b-d99f-696187e0363c,d1f60bc2-1e73-3872-da6a-7e66c4a37808,RA20015,"وصلة 25* 1/2"" سن خارجي",10,7.500,75.000
03f5c643-f6f1-3ff4-8659-9fc616b69211,d1f60bc2-1e73-3872-da6a-7e66c4a37808,RA20017,"وصلة 25* 3/4"" سن خارجي",5,12.000,60.000
1d591ced-5040-d792-1aa1-713fd3625fb7,d1f60bc2-1e73-3872-da6a-7e66c4a37808,RA30004,طوبو4'' 6 متر,2,220.000,440.000
feccc173-cec6-918c-6fdb-9b3f1844290e,d1f60bc2-1e73-3872-da6a-7e66c4a37808,RA30026,"واي 4"" 45°",5,75.000,375.000
c844ee80-bdc3-b9d5-4bdb-08a56beb6ddb,d1f60bc2-1e73-3872-da6a-7e66c4a37808,RA30022,"مثلث 4""",5,65.000,325.000
7871ce9c-0193-173b-0fba-38d39dd39ce8,d1f60bc2-1e73-3872-da6a-7e66c4a37808,RA30009,"كوربة 4"" 87.5°",10,40.000,400.000
daa81095-f9b7-462c-e90a-c57a2155266c,d1f60bc2-1e73-3872-da6a-7e66c4a37808,RA30010,"كوربة 4"" 45°",10,40.000,400.000
252bfe75-56d7-5d5c-8b14-a04f4109c816,d1f60bc2-1e73-3872-da6a-7e66c4a37808,RA20036,مواسير 25'' 4 متر,20,25.000,500.000
f8915087-e234-8a90-25f2-63c3281249d0,d1f60bc2-1e73-3872-da6a-7e66c4a37808,RA30029,"واي 2"" 45°",3,25.000,75.000
0ee109cd-0ca8-30f0-bea5-3bcf666bd1b9,d1f60bc2-1e73-3872-da6a-7e66c4a37808,RA30017,"كوربة 1.5"" - 90°",15,9.000,135.000
72aee0aa-6ee4-e36b-25cf-48f1e9a32467,d1f60bc2-1e73-3872-da6a-7e66c4a37808,RA30018,"كوربة 1.5"" - 45°",15,9.000,135.000
4bd47543-af55-cade-2a63-b6f08b564bd4,d1f60bc2-1e73-3872-da6a-7e66c4a37808,RA30002,طوبو1.5'' 6 متر,2,79.000,158.000
80fbc3e0-2cd0-98ae-c7fb-63694289f8da,d1f60bc2-1e73-3872-da6a-7e66c4a37808,PE30256,كولة 473 مل,2,45.000,90.000
2309aebd-e90f-d8ff-874c-e7cd3eca5216,d1f60bc2-1e73-3872-da6a-7e66c4a37808,PE30180,لصقة كرتون 200,1,9.000,9.000
b7e10a85-1054-27e2-8f54-f406110329ce,d1f60bc2-1e73-3872-da6a-7e66c4a37808,ATWC50313,صندوق طرد مدفون بتارية مع زر دائري 9 لتر,3,940.000,2820.000
87231a50-9936-1644-a6f6-32fe2c4024eb,d1f60bc2-1e73-3872-da6a-7e66c4a37808,RA30048,"مخفض 4"" * 2""",6,41.000,246.000
11028b49-a40c-cf40-beaf-36355e1f4bbf,ce429a4e-df50-e876-e591-cf2774066000,MTE60806,خلاط شطاف مدفون ميريدا أسود,6,670.000,4020.000
b458c6dc-4ee4-4f24-e724-27c2f8fc8232,ce429a4e-df50-e876-e591-cf2774066000,MLE40822,خلاط حوض وجه مدفون مع مصب أسود,5,1300.000,6500.000
deac8776-ecb9-61bf-e83a-8ef608c0c19a,d1f60bc2-1e73-3872-da6a-7e66c4a37808,MTE60044,خلاط شطاف مدفون كروم,5,570.000,2850.000
e779bfc7-4b3f-aae8-a2e3-f77462293821,ce429a4e-df50-e876-e591-cf2774066000,ML10145,خلاط حوض وجه مدفون مع مصب ذهبي,1,1230.000,1230.000
f4688ac7-f57d-ca53-1a38-c072f060ddf1,361f0944-8a01-9b80-6565-83fed8692ab4,WS10594,مقعد معلق تورنيدو أبيض,4,700.000,2800.000
9b500029-5a45-f8be-e204-29b2a982bb6f,361f0944-8a01-9b80-6565-83fed8692ab4,ARSB80988,كسكاس دوش دائري 250 مم كروم,4,260.000,1040.000
4d7244cd-1807-b083-a7c7-6da9b4fc2997,361f0944-8a01-9b80-6565-83fed8692ab4,ARSB80333,مصب دوش مع تحويلة كروم,4,180.000,720.000
c0a0c186-e3a4-81c4-8f71-91d77372e819,361f0944-8a01-9b80-6565-83fed8692ab4,ARSB80165,سماعة دوش مع طوبو كروم,2,60.000,120.000
9c20a809-a15c-4dcc-dfe6-df996e468647,361f0944-8a01-9b80-6565-83fed8692ab4,ARSB80006,سماعة دوش مايك مع طوبو كروم,2,80.000,160.000
dea0c5a8-c352-cb65-9bcb-ce4804de835b,aefad67c-02db-ff0d-8b22-b5001f9a54ce,CE10497,سخانة 80 لتر,90,690.000,62100.000
aa0784db-e9d6-723a-99b9-b981af92ab12,90cb4cc1-e32f-4570-9adc-40e677d75358,ARSB80302,شطاف ظغط مربع مع طوبو كروم,3,180.000,540.000
a0aa3aaf-7805-9f06-554f-5ed928020cb9,12deaaec-af73-b633-697e-873058c795ba,RA30004,طوبو4'' 6 متر,8,95.000,760.000
795111c1-4c56-a978-5fee-d06e674dfc07,361f0944-8a01-9b80-6565-83fed8692ab4,ML30795,مرايا حمام ضد البخار مع إضاءة لد 60*80 سم,4,180.000,720.000
5a89e19d-7694-8248-4fb8-9f897f4a3164,361f0944-8a01-9b80-6565-83fed8692ab4,VS10201,حوض وجه معلق -80 سم,4,800.000,3200.000
f4f9d123-3167-d203-45cb-ea824f9e8ff8,373c83a5-c16a-cb61-fa89-78cc2da8a80b,MA20126,خلاط حوض المطبخ سحاب كروم,1,280.000,280.000
ed20f97c-133f-2da2-33af-ea31887d284b,90cb4cc1-e32f-4570-9adc-40e677d75358,PD20434,حاجز دوش 10 مم اطار كروم مضبب 80 سم,2,575.000,1150.000
e5b8776c-0955-978a-3451-48aecd948bf7,90cb4cc1-e32f-4570-9adc-40e677d75358,ALVM50011,رأس سيفوني كروم,1,70.000,70.000
638f3b59-6e4e-2f38-2bf9-5b6907d039d6,12deaaec-af73-b633-697e-873058c795ba,RA30002,طوبو1.5'' 6 متر,11,40.000,440.000
3271cd69-d6cd-ce7f-c3ef-11b47c1cc79a,12deaaec-af73-b633-697e-873058c795ba,RA20012,"وصلة 32"" لحام",11,2.200,24.200
d02364ce-32f6-f109-c4b6-d07e092acde7,12deaaec-af73-b633-697e-873058c795ba,ATWC50314,صندوق طرد مدفون بتارية مع زر مربع 9 لتر,8,960.000,7680.000
5e0937bd-57ce-60e4-60b6-bfefad7bfe00,15928a7a-44de-e28b-0083-9e0d31bdff70,VS10207,حوض وجه معلق أسود -60سم,1,400.000,400.000
3a64b269-3d0a-3d42-a28f-9871a56e7c0e,223ea701-4eda-ecd2-c3b8-429bd7fcd6c9,RA20001,"كوع 25"" لحام",80,1.250,100.000
dd3c96be-f8c3-bd4e-5f28-8017d5054721,223ea701-4eda-ecd2-c3b8-429bd7fcd6c9,RA20023,"مثلث 25"" لحام",40,2.500,100.000
1063eb17-d7f8-b26e-d7c5-5acfa44f54b4,223ea701-4eda-ecd2-c3b8-429bd7fcd6c9,RA20078,صرباص 25,18,2.700,48.600
a477d3cc-a585-e31d-0e38-9333d3d5315b,361f0944-8a01-9b80-6565-83fed8692ab4,ARSB80323,قصبة دوش مربعة 30 سم كروم,4,70.000,280.000
2bd0e880-9938-2fff-4e32-7a00df313937,aefad67c-02db-ff0d-8b22-b5001f9a54ce,RO10494,مسكر زاوية  ''1/2 * ''1/2 كروم,200,55.000,11000.000
f98745c9-6e36-1496-789d-ef8a470d2f85,d1f60bc2-1e73-3872-da6a-7e66c4a37808,RA30045,"مجمع 3"" 2"" 1.5"" 2""",6,57.000,342.000
1f9f231f-6b9e-3c43-9bb6-8cc5655f5f7d,d1f60bc2-1e73-3872-da6a-7e66c4a37808,RA30016,"كوربة 2"" - 45°",10,13.000,130.000
48fba946-8985-17ca-0916-5e46a1f619c0,d1f60bc2-1e73-3872-da6a-7e66c4a37808,RA30055,طوبو2'' 6 متر,2,96.000,192.000
7cfad5fd-6f50-370e-5bb4-4f81f52b6a5f,ce429a4e-df50-e876-e591-cf2774066000,MDE50807,خلاط دوش مدفون ميريدا أسود,4,960.000,3840.000
efd87217-7f67-8dad-b6b6-14460a6213cb,361f0944-8a01-9b80-6565-83fed8692ab4,ARSB80287,مخرج شطاف مع علاق كروم,4,120.000,480.000
881a2e0b-e8df-9379-7ae9-e2fbd7484134,361f0944-8a01-9b80-6565-83fed8692ab4,ARSB80351,شطاف ظغط دائرية مع طوبو كروم,4,160.000,640.000
e021e66b-a623-2fb6-f073-fe94d09e5f2b,361f0944-8a01-9b80-6565-83fed8692ab4,ALVM50031,سيفون حوض الوجه كروم,4,160.000,640.000
da8a61aa-bdab-ef8c-1b50-c342f3982715,361f0944-8a01-9b80-6565-83fed8692ab4,ARSB80640,"مسكر شطافة ""1/2"" * ""1/2 كروم",16,25.000,400.000
27e441ee-47db-bc79-ede5-bac3979aad4c,361f0944-8a01-9b80-6565-83fed8692ab4,PLSA0404,وردة كروم,16,12.000,192.000
